,date,Value
0,2016-04-17 05:30:20,70
1,2016-04-17 05:30:30,66
2,2016-04-17 05:30:40,67
3,2016-04-17 05:30:55,67
4,2016-04-17 05:31:10,67
5,2016-04-17 05:31:25,67
6,2016-04-17 05:31:30,68
7,2016-04-17 05:31:45,68
8,2016-04-17 05:31:50,69
9,2016-04-17 05:32:00,67
10,2016-04-17 05:32:15,67
11,2016-04-17 05:32:30,67
12,2016-04-17 05:32:40,67
13,2016-04-17 05:32:50,66
14,2016-04-17 05:33:00,65
15,2016-04-17 05:33:15,65
16,2016-04-17 05:33:30,65
17,2016-04-17 05:33:40,65
18,2016-04-17 05:33:50,64
19,2016-04-17 05:34:00,63
20,2016-04-17 05:34:10,64
21,2016-04-17 05:34:25,64
22,2016-04-17 05:34:40,64
23,2016-04-17 05:34:55,64
24,2016-04-17 05:35:00,66
25,2016-04-17 05:35:10,65
26,2016-04-17 05:35:20,64
27,2016-04-17 05:35:30,63
28,2016-04-17 05:35:40,64
29,2016-04-17 05:35:50,65
30,2016-04-17 05:36:05,65
31,2016-04-17 05:36:10,66
32,2016-04-17 05:36:20,65
33,2016-04-17 05:36:35,65
34,2016-04-17 05:36:50,65
35,2016-04-17 05:37:05,65
36,2016-04-17 05:37:20,65
37,2016-04-17 05:37:35,65
38,2016-04-17 05:37:50,65
39,2016-04-17 05:38:05,65
40,2016-04-17 05:38:20,65
41,2016-04-17 05:38:35,65
42,2016-04-17 05:38:50,65
43,2016-04-17 05:39:05,65
44,2016-04-17 05:39:10,65
45,2016-04-17 05:39:25,65
46,2016-04-17 05:39:30,66
47,2016-04-17 05:39:40,67
48,2016-04-17 05:39:50,68
49,2016-04-17 05:40:05,68
50,2016-04-17 05:40:20,68
51,2016-04-17 05:40:30,73
52,2016-04-17 05:40:40,69
53,2016-04-17 05:40:50,67
54,2016-04-17 05:41:05,67
55,2016-04-17 05:41:10,67
56,2016-04-17 05:41:25,67
57,2016-04-17 05:41:30,69
58,2016-04-17 05:41:45,69
59,2016-04-17 05:42:00,69
60,2016-04-17 05:42:10,67
61,2016-04-17 05:42:20,70
62,2016-04-17 05:42:30,67
63,2016-04-17 05:42:40,68
64,2016-04-17 05:42:55,68
65,2016-04-17 05:43:10,68
66,2016-04-17 05:43:20,67
67,2016-04-17 05:43:30,67
68,2016-04-17 05:43:40,69
69,2016-04-17 05:43:55,69
70,2016-04-17 05:44:10,69
71,2016-04-17 05:44:20,68
72,2016-04-17 05:44:30,67
73,2016-04-17 05:44:40,70
74,2016-04-17 05:44:50,67
75,2016-04-17 05:45:05,67
76,2016-04-17 05:45:20,67
77,2016-04-17 05:45:30,66
78,2016-04-17 05:45:40,64
79,2016-04-17 05:45:50,65
80,2016-04-17 05:46:05,65
81,2016-04-17 05:46:20,65
82,2016-04-17 05:46:35,65
83,2016-04-17 05:46:40,66
84,2016-04-17 05:46:45,67
85,2016-04-17 05:47:00,67
86,2016-04-17 05:47:15,67
87,2016-04-17 05:47:30,67
88,2016-04-17 05:47:45,67
89,2016-04-17 05:48:00,67
90,2016-04-17 05:48:10,66
91,2016-04-17 05:48:25,66
92,2016-04-17 05:48:40,66
93,2016-04-17 05:48:50,67
94,2016-04-17 05:49:05,67
95,2016-04-17 05:49:10,68
96,2016-04-17 05:49:25,68
97,2016-04-17 05:49:40,68
98,2016-04-17 05:49:50,66
99,2016-04-17 05:50:00,68
100,2016-04-17 05:50:15,68
101,2016-04-17 05:50:20,69
102,2016-04-17 05:50:30,70
103,2016-04-17 05:50:40,66
104,2016-04-17 05:50:50,65
105,2016-04-17 05:50:55,67
106,2016-04-17 05:51:00,68
107,2016-04-17 05:51:15,68
108,2016-04-17 05:51:30,68
109,2016-04-17 05:51:45,68
110,2016-04-17 05:52:00,68
111,2016-04-17 05:52:15,68
112,2016-04-17 05:52:30,68
113,2016-04-17 05:52:45,68
114,2016-04-17 05:53:00,68
115,2016-04-17 05:53:15,68
116,2016-04-17 05:53:30,68
117,2016-04-17 05:53:45,68
118,2016-04-17 05:54:00,68
119,2016-04-17 05:54:15,68
120,2016-04-17 05:54:20,68
121,2016-04-17 05:54:30,67
122,2016-04-17 05:54:40,68
123,2016-04-17 05:54:55,68
124,2016-04-17 05:55:10,67
125,2016-04-17 05:55:20,67
126,2016-04-17 05:55:35,67
127,2016-04-17 05:55:50,67
128,2016-04-17 05:56:05,67
129,2016-04-17 05:56:20,67
130,2016-04-17 05:56:35,67
131,2016-04-17 05:56:50,67
132,2016-04-17 05:57:00,68
133,2016-04-17 05:57:10,70
134,2016-04-17 05:57:20,72
135,2016-04-17 05:57:30,71
136,2016-04-17 05:57:45,71
137,2016-04-17 05:58:00,71
138,2016-04-17 05:58:10,70
139,2016-04-17 05:58:20,71
140,2016-04-17 05:58:30,72
141,2016-04-17 05:58:45,72
142,2016-04-17 05:59:00,72
143,2016-04-17 05:59:15,72
144,2016-04-17 05:59:30,72
145,2016-04-17 05:59:45,72
146,2016-04-17 06:00:00,72
147,2016-04-17 06:00:15,72
148,2016-04-17 06:00:30,72
149,2016-04-17 06:00:45,72
150,2016-04-17 06:01:00,72
151,2016-04-17 06:01:15,72
152,2016-04-17 06:02:10,72
153,2016-04-17 06:02:20,72
154,2016-04-17 06:02:30,70
155,2016-04-17 06:02:40,69
156,2016-04-17 06:02:50,68
157,2016-04-17 06:03:05,68
158,2016-04-17 06:03:20,68
159,2016-04-17 06:03:35,69
160,2016-04-17 06:03:45,70
161,2016-04-17 06:03:50,71
162,2016-04-17 06:03:55,72
163,2016-04-17 06:04:00,73
164,2016-04-17 06:04:15,73
165,2016-04-17 06:04:30,73
166,2016-04-17 06:04:45,73
167,2016-04-17 06:05:00,73
168,2016-04-17 06:05:15,73
169,2016-04-17 06:05:30,73
170,2016-04-17 06:05:45,73
171,2016-04-17 06:06:00,73
172,2016-04-17 06:06:15,73
173,2016-04-17 06:06:30,73
174,2016-04-17 06:06:45,73
175,2016-04-17 06:07:00,73
176,2016-04-17 06:07:15,73
177,2016-04-17 06:07:30,73
178,2016-04-17 06:07:45,73
179,2016-04-17 06:27:05,73
180,2016-04-17 06:27:10,74
181,2016-04-17 06:27:15,75
182,2016-04-17 06:27:20,76
183,2016-04-17 06:27:30,75
184,2016-04-17 06:27:35,76
185,2016-04-17 06:27:40,78
186,2016-04-17 06:27:45,80
187,2016-04-17 06:27:55,79
188,2016-04-17 06:28:10,79
189,2016-04-17 06:28:25,79
190,2016-04-17 06:28:40,79
191,2016-04-17 06:28:55,79
192,2016-04-25 09:37:05,70
193,2016-04-25 09:37:20,70
194,2016-04-25 09:37:30,106
195,2016-04-25 09:37:35,108
196,2016-04-25 09:37:40,101
197,2016-04-25 09:37:45,93
198,2016-04-25 09:38:00,93
199,2016-04-25 09:38:05,95
200,2016-04-25 09:38:10,98
201,2016-04-25 09:38:25,98
202,2016-04-25 09:38:30,103
203,2016-04-25 09:38:35,104
204,2016-04-25 09:38:50,104
205,2016-04-25 09:39:05,104
206,2016-04-25 09:39:20,104
207,2016-04-25 09:39:35,104
208,2016-04-25 09:39:45,103
209,2016-04-25 09:39:50,102
210,2016-04-25 09:40:05,102
211,2016-04-25 09:40:20,102
212,2016-04-25 09:40:35,102
213,2016-04-25 09:40:50,102
214,2016-04-25 09:40:55,102
215,2016-04-25 09:41:00,101
216,2016-04-25 09:41:15,101
217,2016-04-25 09:41:20,103
218,2016-04-25 09:41:25,104
219,2016-04-25 09:41:40,104
220,2016-04-25 09:41:45,105
221,2016-04-25 09:41:50,107
222,2016-04-25 09:41:55,108
223,2016-04-25 09:42:10,108
224,2016-04-25 09:42:25,107
225,2016-04-25 09:42:30,105
226,2016-04-25 09:42:35,104
227,2016-04-25 09:42:45,103
228,2016-04-25 09:42:50,102
229,2016-04-25 09:42:55,103
230,2016-04-25 09:43:00,105
231,2016-04-25 09:43:05,104
232,2016-04-25 09:43:20,103
233,2016-04-25 09:43:25,102
234,2016-04-25 09:43:30,100
235,2016-04-25 09:43:35,101
236,2016-04-25 09:43:40,103
237,2016-04-25 09:43:55,103
238,2016-04-25 09:44:05,105
239,2016-04-25 09:44:20,105
240,2016-04-25 09:44:35,104
241,2016-04-25 09:44:40,104
242,2016-04-25 09:44:55,104
243,2016-04-25 09:45:10,105
244,2016-04-25 09:45:15,104
245,2016-04-25 09:45:20,102
246,2016-04-25 09:45:35,102
247,2016-04-25 09:45:50,102
248,2016-04-25 09:46:05,102
249,2016-04-25 09:46:10,103
250,2016-04-25 09:46:20,115
251,2016-04-25 09:46:30,114
252,2016-04-25 09:46:35,113
253,2016-04-25 09:46:45,112
254,2016-04-25 09:47:00,111
255,2016-04-25 09:47:15,111
256,2016-04-25 09:47:20,111
257,2016-04-25 09:47:35,109
258,2016-04-25 09:47:40,107
259,2016-04-25 09:47:50,107
260,2016-04-25 09:48:05,107
261,2016-04-25 09:48:20,108
262,2016-04-25 09:48:30,105
263,2016-04-25 09:48:35,102
264,2016-04-25 09:48:40,101
265,2016-04-25 09:48:45,102
266,2016-04-25 09:48:50,101
267,2016-04-25 09:48:55,101
268,2016-04-25 09:49:10,101
269,2016-04-25 09:49:25,102
270,2016-04-25 09:49:40,102
271,2016-04-25 09:49:55,102
272,2016-04-25 09:50:05,103
273,2016-04-25 09:50:10,104
274,2016-04-25 09:50:25,104
275,2016-04-25 09:50:35,103
276,2016-04-25 09:50:45,101
277,2016-04-25 09:50:50,100
278,2016-04-25 09:51:00,107
279,2016-04-25 09:51:10,107
280,2016-04-25 09:51:25,107
281,2016-04-25 09:51:40,107
282,2016-04-25 09:51:55,107
283,2016-04-25 09:52:10,107
284,2016-04-25 09:52:15,109
285,2016-04-25 09:52:20,110
286,2016-04-25 09:52:35,110
287,2016-04-25 09:52:50,110
288,2016-04-25 09:53:00,109
289,2016-04-25 09:53:15,109
290,2016-04-25 09:53:25,109
291,2016-04-25 09:53:30,110
292,2016-04-25 09:53:45,110
293,2016-04-25 09:53:50,111
294,2016-04-25 09:54:00,106
295,2016-04-25 09:54:10,108
296,2016-04-25 09:54:15,108
297,2016-04-25 09:54:20,107
298,2016-04-25 09:54:30,106
299,2016-04-25 09:54:40,105
300,2016-04-25 09:54:45,106
301,2016-04-25 09:54:50,107
302,2016-04-25 09:55:00,105
303,2016-04-25 09:55:15,105
304,2016-04-25 09:55:30,107
305,2016-04-25 09:55:40,109
306,2016-04-25 09:55:45,111
307,2016-04-25 09:56:00,114
308,2016-04-25 09:56:10,112
309,2016-04-25 09:56:20,112
310,2016-04-25 09:56:30,111
311,2016-04-25 09:56:45,111
312,2016-04-25 09:57:00,111
313,2016-04-25 09:57:15,111
314,2016-04-25 09:57:30,111
315,2016-04-25 09:57:45,111
316,2016-04-25 09:58:00,111
317,2016-04-25 09:58:05,111
318,2016-04-25 09:58:20,111
319,2016-04-25 09:58:30,109
320,2016-04-25 09:58:40,108
321,2016-04-25 09:58:50,108
322,2016-04-25 09:58:55,108
323,2016-04-25 09:59:10,108
324,2016-04-25 09:59:25,108
325,2016-04-25 09:59:40,108
326,2016-04-25 09:59:50,108
327,2016-04-25 09:59:55,111
328,2016-04-25 10:00:10,108
329,2016-04-25 10:00:15,108
330,2016-04-25 10:00:30,108
331,2016-04-25 10:00:35,107
332,2016-04-25 10:00:45,105
333,2016-04-25 10:01:00,101
334,2016-04-25 10:01:15,101
335,2016-04-25 10:01:30,101
336,2016-04-25 10:01:35,101
337,2016-04-25 10:01:40,100
338,2016-04-25 10:01:55,100
339,2016-04-25 10:02:10,103
340,2016-04-25 10:02:20,103
341,2016-04-25 10:02:35,103
342,2016-04-25 10:02:40,110
343,2016-04-25 10:02:55,110
344,2016-04-25 10:03:00,109
345,2016-04-25 10:03:10,108
346,2016-04-25 10:03:20,100
347,2016-04-25 10:03:25,99
348,2016-04-25 10:03:30,98
349,2016-04-25 10:03:40,97
350,2016-04-25 10:03:45,95
351,2016-04-25 10:03:50,93
352,2016-04-25 10:03:55,92
353,2016-04-25 10:04:00,89
354,2016-04-25 10:04:15,89
355,2016-04-25 10:04:20,90
356,2016-04-25 10:04:25,92
357,2016-04-25 10:04:30,90
358,2016-04-25 10:04:35,88
359,2016-04-25 10:04:40,88
360,2016-04-25 10:04:55,88
361,2016-04-25 10:05:10,88
362,2016-04-25 10:05:25,88
363,2016-04-25 10:05:40,88
364,2016-04-25 10:05:55,88
365,2016-04-25 10:06:10,88
366,2016-04-25 10:06:25,88
367,2016-04-25 10:06:30,95
368,2016-04-25 10:06:40,90
369,2016-04-25 10:06:55,90
370,2016-04-25 10:07:10,90
371,2016-04-25 10:07:20,91
372,2016-04-25 10:07:35,91
373,2016-04-25 10:07:50,91
374,2016-04-25 10:08:00,90
375,2016-04-25 10:08:10,90
376,2016-04-25 10:08:20,100
377,2016-04-25 10:08:30,102
378,2016-04-25 10:08:40,101
379,2016-04-25 10:08:55,101
380,2016-04-25 10:09:10,101
381,2016-04-25 10:09:25,101
382,2016-04-25 10:09:30,104
383,2016-04-25 10:09:35,102
384,2016-04-25 10:09:40,102
385,2016-04-25 10:09:55,102
386,2016-04-25 10:10:10,102
387,2016-04-25 10:10:15,103
388,2016-04-25 10:10:20,104
389,2016-04-25 10:10:25,104
390,2016-04-25 10:10:30,104
391,2016-04-25 10:10:35,105
392,2016-04-25 10:10:45,104
393,2016-04-25 10:10:50,98
394,2016-04-25 10:10:55,97
395,2016-04-25 10:11:00,97
396,2016-04-25 10:11:15,96
397,2016-04-25 10:11:30,96
398,2016-04-25 10:11:45,95
399,2016-04-25 10:12:00,95
400,2016-04-25 10:12:05,94
401,2016-04-25 10:12:10,93
402,2016-04-25 10:12:20,97
403,2016-04-25 10:12:25,97
404,2016-04-25 10:12:40,97
405,2016-04-25 10:12:55,97
406,2016-04-25 10:13:10,97
407,2016-04-25 10:13:25,97
408,2016-04-25 10:13:40,97
409,2016-04-25 10:13:55,97
410,2016-04-25 10:14:10,97
411,2016-04-25 10:14:25,97
412,2016-04-25 10:14:40,97
413,2016-04-25 10:14:55,97
414,2016-04-25 10:15:10,97
415,2016-04-25 10:15:25,97
416,2016-04-25 10:15:40,97
417,2016-04-25 10:15:55,97
418,2016-04-25 10:16:10,97
419,2016-04-25 10:16:25,97
420,2016-04-25 10:16:30,96
421,2016-04-25 10:16:40,98
422,2016-04-25 10:16:55,98
423,2016-04-25 10:17:10,96
424,2016-04-25 10:17:20,94
425,2016-04-25 10:17:25,94
426,2016-04-25 10:17:40,94
427,2016-04-25 10:17:55,94
428,2016-04-25 10:18:00,94
429,2016-04-25 10:18:05,94
430,2016-04-25 10:18:20,94
431,2016-04-25 10:18:35,93
432,2016-04-25 10:18:40,92
433,2016-04-25 10:18:45,91
434,2016-04-25 10:19:00,91
435,2016-04-25 10:19:10,91
436,2016-04-25 10:19:25,91
437,2016-04-25 10:19:30,92
438,2016-04-25 10:19:35,91
439,2016-04-25 10:19:40,98
440,2016-04-25 10:19:50,99
441,2016-04-25 10:19:55,99
442,2016-04-25 10:20:00,98
443,2016-04-25 10:20:05,97
444,2016-04-25 10:20:10,95
445,2016-04-25 10:20:25,97
446,2016-04-25 10:20:40,97
447,2016-04-25 10:20:55,97
448,2016-04-25 10:21:00,96
449,2016-04-25 10:21:05,97
450,2016-04-25 10:21:10,101
451,2016-04-25 10:21:15,102
452,2016-04-25 10:21:30,102
453,2016-04-25 10:21:40,103
454,2016-04-25 10:21:45,100
455,2016-04-25 10:21:50,101
456,2016-04-25 10:22:05,102
457,2016-04-25 10:22:10,101
458,2016-04-25 10:22:15,98
459,2016-04-25 10:22:20,92
460,2016-04-25 10:22:25,91
461,2016-04-25 10:22:30,90
462,2016-04-25 10:22:45,90
463,2016-04-25 10:22:50,91
464,2016-04-25 10:23:00,88
465,2016-04-25 10:23:05,87
466,2016-04-25 10:23:10,85
467,2016-04-25 10:23:15,84
468,2016-04-25 10:23:30,87
469,2016-04-25 10:23:35,96
470,2016-04-25 10:23:40,101
471,2016-04-25 10:23:45,104
472,2016-04-25 10:23:55,104
473,2016-04-25 10:24:05,99
474,2016-04-25 10:24:10,100
475,2016-04-25 10:24:20,99
476,2016-04-25 10:24:25,97
477,2016-04-25 10:24:30,102
478,2016-04-25 10:24:35,101
479,2016-04-25 10:24:40,102
480,2016-04-25 10:24:55,102
481,2016-04-25 10:25:00,102
482,2016-04-25 10:25:15,105
483,2016-04-25 10:25:25,106
484,2016-04-25 10:25:30,108
485,2016-04-25 10:25:35,95
486,2016-04-25 10:25:40,96
487,2016-04-25 10:25:45,93
488,2016-04-25 10:25:50,92
489,2016-04-25 10:25:55,93
490,2016-04-25 10:26:00,92
491,2016-04-25 10:26:15,92
492,2016-04-25 10:26:30,91
493,2016-04-25 10:26:35,92
494,2016-04-25 10:26:50,91
495,2016-04-25 10:27:05,91
496,2016-04-25 10:27:20,91
497,2016-04-25 10:27:35,92
498,2016-04-25 10:27:50,92
499,2016-04-25 10:28:05,92
500,2016-04-25 10:28:10,93
501,2016-04-25 10:28:15,94
502,2016-04-25 10:28:25,95
503,2016-04-25 10:28:30,94
504,2016-04-25 10:28:40,94
505,2016-04-25 10:28:55,94
506,2016-04-25 10:29:10,94
507,2016-04-25 10:31:05,94
508,2016-04-25 10:31:20,94
509,2016-04-25 10:31:25,93
510,2016-04-25 10:31:30,93
511,2016-04-25 10:31:40,92
512,2016-04-25 10:31:45,92
513,2016-04-25 10:32:00,92
514,2016-04-25 10:32:15,92
515,2016-04-25 10:32:30,92
516,2016-04-25 10:32:35,92
517,2016-04-25 10:32:50,92
518,2016-04-25 10:33:05,92
519,2016-04-25 10:33:20,92
520,2016-04-25 10:33:35,92
521,2016-04-25 10:33:40,97
522,2016-04-25 10:33:55,97
523,2016-04-25 10:34:10,97
524,2016-04-25 10:34:25,97
525,2016-04-25 10:34:40,97
526,2016-04-25 10:34:55,97
527,2016-04-25 10:35:10,97
528,2016-04-25 10:35:25,97
529,2016-04-25 10:35:40,97
530,2016-04-25 10:35:55,97
531,2016-04-25 10:36:10,97
532,2016-04-25 10:36:25,97
533,2016-04-25 10:36:40,97
534,2016-04-25 10:38:05,97
535,2016-04-25 10:38:20,97
536,2016-04-25 10:38:35,97
537,2016-04-25 10:38:50,97
538,2016-04-25 10:39:00,97
539,2016-04-25 10:39:05,97
540,2016-04-25 10:39:20,96
541,2016-04-25 10:39:35,96
542,2016-04-25 10:39:40,98
543,2016-04-25 10:39:50,97
544,2016-04-25 10:40:00,95
545,2016-04-25 10:40:15,95
546,2016-04-25 10:40:30,95
547,2016-04-25 10:40:45,95
548,2016-04-25 10:41:00,95
549,2016-04-25 10:41:15,95
550,2016-04-25 10:41:30,95
551,2016-04-25 10:41:45,95
552,2016-04-25 10:42:00,95
553,2016-04-25 10:42:15,95
554,2016-04-25 10:42:30,95
555,2016-04-25 10:42:45,95
556,2016-04-25 10:43:00,95
557,2016-04-25 10:43:15,95
558,2016-04-25 10:43:30,95
559,2016-04-25 10:43:45,95
560,2016-04-25 10:44:00,95
561,2016-04-25 10:44:05,95
562,2016-04-25 10:44:20,95
563,2016-04-25 10:44:35,95
564,2016-04-25 10:44:50,95
565,2016-04-25 10:45:05,95
566,2016-04-25 10:45:20,95
567,2016-04-25 10:45:35,95
568,2016-04-25 10:45:50,95
569,2016-04-25 10:46:00,93
570,2016-04-25 10:46:15,93
571,2016-04-25 10:46:30,93
572,2016-04-25 10:46:45,93
573,2016-04-25 10:47:00,93
574,2016-04-25 10:47:15,93
575,2016-04-25 10:47:30,93
576,2016-04-25 10:47:45,93
577,2016-04-25 10:48:00,93
578,2016-04-25 10:48:15,93
579,2016-04-25 10:48:30,92
580,2016-04-25 10:48:45,92
581,2016-04-25 10:48:50,87
582,2016-04-25 10:49:00,84
583,2016-04-25 10:49:15,84
584,2016-04-25 10:49:20,86
585,2016-04-25 10:49:35,85
586,2016-04-25 10:49:50,84
587,2016-04-25 10:50:00,83
588,2016-04-25 10:50:05,83
589,2016-04-25 10:50:10,84
590,2016-04-25 10:50:25,84
591,2016-04-25 10:50:35,83
592,2016-04-25 10:50:40,84
593,2016-04-25 10:50:55,84
594,2016-04-25 10:51:00,86
595,2016-04-25 10:51:05,88
596,2016-04-25 10:51:10,87
597,2016-04-25 10:51:25,87
598,2016-04-25 10:51:30,89
599,2016-04-25 10:51:35,92
600,2016-04-25 10:51:40,95
601,2016-04-25 10:51:45,98
602,2016-04-25 10:51:50,99
603,2016-04-25 10:52:00,100
604,2016-04-25 10:52:15,100
605,2016-04-25 10:52:30,100
606,2016-04-25 10:52:45,100
607,2016-04-25 10:53:00,100
608,2016-04-25 10:53:15,100
609,2016-04-25 10:53:30,100
610,2016-04-25 10:53:45,100
611,2016-04-25 10:54:00,100
612,2016-04-25 10:54:15,100
613,2016-04-25 10:54:30,100
614,2016-04-25 10:54:45,100
615,2016-04-25 10:55:05,99
616,2016-04-25 10:55:10,98
617,2016-04-25 10:55:25,98
618,2016-04-25 10:55:30,97
619,2016-04-25 10:55:35,98
620,2016-04-25 10:55:50,98
621,2016-04-25 10:56:05,97
622,2016-04-25 10:56:20,97
623,2016-04-25 10:56:35,97
624,2016-04-25 10:56:40,99
625,2016-04-25 10:56:45,100
626,2016-04-25 10:56:50,98
627,2016-04-25 10:57:00,97
628,2016-04-25 10:57:15,97
629,2016-04-25 10:57:30,97
630,2016-04-25 10:57:45,97
631,2016-04-25 10:58:00,97
632,2016-04-25 10:58:15,97
633,2016-04-25 10:58:30,97
634,2016-04-25 10:58:45,97
635,2016-04-25 10:59:00,97
636,2016-04-25 10:59:15,98
637,2016-04-25 10:59:30,97
638,2016-04-25 10:59:35,98
639,2016-04-25 10:59:40,99
640,2016-04-25 10:59:55,99
641,2016-04-25 11:00:00,98
642,2016-04-25 11:00:05,99
643,2016-04-25 11:00:10,99
644,2016-04-25 11:00:20,98
645,2016-04-25 11:00:30,99
646,2016-04-25 11:00:35,98
647,2016-04-25 11:00:40,100
648,2016-04-25 11:00:50,101
649,2016-04-25 11:01:00,104
650,2016-04-25 11:01:05,105
651,2016-04-25 11:01:10,104
652,2016-04-25 11:01:15,103
653,2016-04-25 11:01:20,103
654,2016-04-25 11:01:30,103
655,2016-04-25 11:01:40,104
656,2016-04-25 11:01:45,102
657,2016-04-25 11:01:55,101
658,2016-04-25 11:02:00,97
659,2016-04-25 11:02:15,97
660,2016-04-25 11:02:30,97
661,2016-04-25 11:02:45,97
662,2016-04-25 11:03:00,97
663,2016-04-25 11:03:15,97
664,2016-04-25 11:03:30,97
665,2016-04-25 11:03:45,97
666,2016-04-25 11:04:00,97
667,2016-04-25 11:04:15,95
668,2016-04-25 11:04:25,98
669,2016-04-25 11:04:30,102
670,2016-04-25 11:04:35,105
671,2016-04-25 11:04:40,106
672,2016-04-25 11:04:45,107
673,2016-04-25 11:04:50,109
674,2016-04-25 11:04:55,111
675,2016-04-25 11:05:00,113
676,2016-04-25 11:05:05,116
677,2016-04-25 11:05:10,118
678,2016-04-25 11:05:25,121
679,2016-04-25 11:05:30,124
680,2016-04-25 11:05:35,125
681,2016-04-25 11:05:45,124
682,2016-04-25 11:05:50,122
683,2016-04-25 11:06:00,121
684,2016-04-25 11:06:05,119
685,2016-04-25 11:06:20,119
686,2016-04-25 11:06:25,117
687,2016-04-25 11:06:30,117
688,2016-04-25 11:06:35,118
689,2016-04-25 11:06:50,118
690,2016-04-25 11:06:55,116
691,2016-04-25 11:07:00,112
692,2016-04-25 11:07:15,112
693,2016-04-25 11:07:30,112
694,2016-04-25 11:07:45,112
695,2016-04-25 11:08:00,112
696,2016-04-25 11:27:05,112
697,2016-04-25 11:27:10,108
698,2016-04-25 11:27:20,106
699,2016-04-25 11:27:30,104
700,2016-04-25 11:27:35,102
701,2016-04-25 11:27:40,101
702,2016-04-25 11:27:50,97
703,2016-04-25 11:28:00,94
704,2016-04-25 11:28:15,94
705,2016-04-25 11:28:30,94
706,2016-04-25 11:28:45,94
707,2016-04-25 11:28:50,93
708,2016-05-02 18:39:05,70
709,2016-05-02 18:39:15,79
710,2016-05-02 18:39:25,106
711,2016-05-02 18:39:30,119
712,2016-05-02 18:39:35,122
713,2016-05-02 18:39:45,116
714,2016-05-02 18:39:55,114
715,2016-05-02 18:40:00,114
716,2016-05-02 18:40:15,114
717,2016-05-02 18:40:30,113
718,2016-05-02 18:40:35,111
719,2016-05-02 18:40:40,105
720,2016-05-02 18:40:45,104
721,2016-05-02 18:40:50,100
722,2016-05-02 18:41:00,100
723,2016-05-02 18:41:15,100
724,2016-05-02 18:41:20,94
725,2016-05-02 18:41:35,94
726,2016-05-02 18:41:40,92
727,2016-05-02 18:41:45,91
728,2016-05-02 18:42:00,91
729,2016-05-02 18:42:10,91
730,2016-05-02 18:42:15,91
731,2016-05-02 18:42:30,90
732,2016-05-02 18:42:40,89
733,2016-05-02 18:42:45,88
734,2016-05-02 18:43:00,88
735,2016-05-02 18:43:15,88
736,2016-05-02 18:43:25,89
737,2016-05-02 18:43:35,94
738,2016-05-02 18:43:50,94
739,2016-05-02 18:44:05,94
740,2016-05-02 18:44:10,92
741,2016-05-02 18:44:15,90
742,2016-05-02 18:44:30,87
743,2016-05-02 18:44:45,85
744,2016-05-02 18:45:00,85
745,2016-05-02 18:45:05,87
746,2016-05-02 18:45:15,90
747,2016-05-02 18:45:20,89
748,2016-05-02 18:45:25,88
749,2016-05-02 18:45:35,89
750,2016-05-02 18:45:50,89
751,2016-05-02 18:46:05,89
752,2016-05-02 18:46:20,89
753,2016-05-02 18:46:35,89
754,2016-05-02 18:46:45,88
755,2016-05-02 18:46:50,91
756,2016-05-02 18:46:55,92
757,2016-05-02 18:47:00,91
758,2016-05-02 18:47:15,91
759,2016-05-02 18:47:20,90
760,2016-05-02 18:47:35,90
761,2016-05-02 18:47:50,90
762,2016-05-02 18:48:00,91
763,2016-05-02 18:48:05,92
764,2016-05-02 18:48:10,97
765,2016-05-02 18:48:15,99
766,2016-05-02 18:48:30,101
767,2016-05-02 18:48:45,101
768,2016-05-02 18:49:00,102
769,2016-05-02 18:49:05,104
770,2016-05-02 18:49:15,105
771,2016-05-02 18:49:20,102
772,2016-05-02 18:49:30,101
773,2016-05-02 18:49:35,102
774,2016-05-02 18:49:40,100
775,2016-05-02 18:49:45,99
776,2016-05-02 18:49:50,96
777,2016-05-02 18:49:55,95
778,2016-05-02 18:50:10,92
779,2016-05-02 18:50:15,91
780,2016-05-02 18:50:20,92
781,2016-05-02 18:50:25,93
782,2016-05-02 18:50:30,94
783,2016-05-02 18:50:35,93
784,2016-05-02 18:50:40,95
785,2016-05-02 18:50:50,96
786,2016-05-02 18:51:05,97
787,2016-05-02 18:51:10,96
788,2016-05-02 18:51:15,97
789,2016-05-02 18:51:30,95
790,2016-05-02 18:51:45,96
791,2016-05-02 18:51:55,99
792,2016-05-02 18:52:00,100
793,2016-05-02 18:52:05,101
794,2016-05-02 18:52:10,100
795,2016-05-02 18:52:15,100
796,2016-05-02 18:52:30,100
797,2016-05-02 18:52:35,101
798,2016-05-02 18:52:40,102
799,2016-05-02 18:52:45,103
800,2016-05-02 18:52:55,102
801,2016-05-02 18:53:00,100
802,2016-05-02 18:53:10,101
803,2016-05-02 18:53:20,102
804,2016-05-02 18:53:25,102
805,2016-05-02 18:53:30,99
806,2016-05-02 18:53:35,92
807,2016-05-02 18:53:40,93
808,2016-05-02 18:53:45,83
809,2016-05-02 18:53:50,79
810,2016-05-02 18:53:55,78
811,2016-05-02 18:54:05,79
812,2016-05-02 18:54:15,78
813,2016-05-02 18:54:30,78
814,2016-05-02 18:54:35,76
815,2016-05-02 18:54:50,77
816,2016-05-02 18:55:00,79
817,2016-05-02 18:55:15,79
818,2016-05-02 18:55:30,79
819,2016-05-02 18:55:45,79
820,2016-05-02 18:56:00,79
821,2016-05-02 18:56:10,80
822,2016-05-02 18:56:25,81
823,2016-05-02 18:56:35,78
824,2016-05-02 18:56:45,77
825,2016-05-02 18:56:50,75
826,2016-05-02 18:57:05,75
827,2016-05-02 18:57:20,75
828,2016-05-02 18:57:35,75
829,2016-05-02 18:57:50,74
830,2016-05-02 18:58:00,73
831,2016-05-02 18:58:05,72
832,2016-05-02 18:58:20,75
833,2016-05-02 18:58:35,75
834,2016-05-02 18:58:40,76
835,2016-05-02 18:58:50,77
836,2016-05-02 18:59:00,79
837,2016-05-02 18:59:05,80
838,2016-05-02 18:59:10,80
839,2016-05-02 18:59:15,76
840,2016-05-02 18:59:30,76
841,2016-05-02 18:59:45,76
842,2016-05-02 19:00:00,76
843,2016-05-02 19:00:15,76
844,2016-05-02 19:00:30,76
845,2016-05-02 19:00:45,77
846,2016-05-02 19:00:50,78
847,2016-05-02 19:00:55,77
848,2016-05-02 19:01:05,76
849,2016-05-02 19:01:20,76
850,2016-05-02 19:01:35,76
851,2016-05-02 19:01:45,74
852,2016-05-02 19:02:00,74
853,2016-05-02 19:02:05,76
854,2016-05-02 19:02:15,75
855,2016-05-02 19:02:20,75
856,2016-05-02 19:02:35,75
857,2016-05-02 19:02:50,75
858,2016-05-02 19:03:05,75
859,2016-05-02 19:03:20,75
860,2016-05-02 19:03:35,75
861,2016-05-02 19:03:45,75
862,2016-05-02 19:03:50,77
863,2016-05-02 19:03:55,79
864,2016-05-02 19:04:00,80
865,2016-05-02 19:04:10,84
866,2016-05-02 19:04:25,84
867,2016-05-02 19:04:35,83
868,2016-05-02 19:04:40,84
869,2016-05-02 19:04:55,86
870,2016-05-02 19:05:00,88
871,2016-05-02 19:05:10,78
872,2016-05-02 19:05:15,77
873,2016-05-02 19:05:25,77
874,2016-05-02 19:05:40,77
875,2016-05-02 19:05:55,77
876,2016-05-02 19:06:10,77
877,2016-05-02 19:06:25,77
878,2016-05-02 19:06:40,74
879,2016-05-02 19:06:45,74
880,2016-05-02 19:07:00,75
881,2016-05-02 19:07:15,76
882,2016-05-02 19:07:20,77
883,2016-05-02 19:07:25,79
884,2016-05-02 19:07:35,81
885,2016-05-02 19:07:40,82
886,2016-05-02 19:07:45,83
887,2016-05-02 19:07:50,85
888,2016-05-02 19:07:55,86
889,2016-05-02 19:08:00,87
890,2016-05-02 19:08:05,89
891,2016-05-02 19:08:20,82
892,2016-05-02 19:08:25,80
893,2016-05-02 19:08:40,80
894,2016-05-02 19:08:55,79
895,2016-05-02 19:09:10,79
896,2016-05-02 19:09:25,80
897,2016-05-02 19:09:30,80
898,2016-05-02 19:09:40,80
899,2016-05-02 19:09:45,81
900,2016-05-02 19:10:00,81
901,2016-05-02 19:10:15,80
902,2016-05-02 19:10:30,80
903,2016-05-02 19:10:45,80
904,2016-05-02 19:11:00,80
905,2016-05-02 19:11:10,78
906,2016-05-02 19:11:20,75
907,2016-05-02 19:11:35,75
908,2016-05-02 19:11:45,75
909,2016-05-02 19:11:50,70
910,2016-05-02 19:12:05,70
911,2016-05-02 19:12:20,70
912,2016-05-02 19:12:30,71
913,2016-05-02 19:12:45,71
914,2016-05-02 19:12:55,73
915,2016-05-02 19:13:05,74
916,2016-05-02 19:13:10,75
917,2016-05-02 19:13:20,75
918,2016-05-02 19:13:25,76
919,2016-05-02 19:13:30,77
920,2016-05-02 19:13:45,77
921,2016-05-02 19:14:00,77
922,2016-05-02 19:14:15,77
923,2016-05-02 19:14:30,77
924,2016-05-02 19:14:45,77
925,2016-05-02 19:15:00,77
926,2016-05-02 19:15:10,78
927,2016-05-02 19:15:20,79
928,2016-05-02 19:15:35,79
929,2016-05-02 19:15:40,80
930,2016-05-02 19:15:45,79
931,2016-05-02 19:15:50,80
932,2016-05-02 19:16:00,81
933,2016-05-02 19:16:15,81
934,2016-05-02 19:16:30,81
935,2016-05-02 19:16:45,81
936,2016-05-02 19:17:00,81
937,2016-05-02 19:17:15,81
938,2016-05-02 19:17:25,80
939,2016-05-02 19:17:40,80
940,2016-05-02 19:17:55,80
941,2016-05-02 19:18:10,77
942,2016-05-02 19:18:20,80
943,2016-05-02 19:18:30,79
944,2016-05-02 19:18:35,79
945,2016-05-02 19:18:50,78
946,2016-05-02 19:19:05,78
947,2016-05-02 19:19:20,78
948,2016-05-02 19:19:35,78
949,2016-05-02 19:19:50,78
950,2016-05-02 19:20:05,78
951,2016-05-02 19:20:20,78
952,2016-05-02 19:20:35,78
953,2016-05-02 19:20:50,78
954,2016-05-02 19:21:05,78
955,2016-05-02 19:21:10,78
956,2016-05-02 19:21:25,78
957,2016-05-02 19:21:40,78
958,2016-05-02 19:21:55,78
959,2016-05-02 19:22:10,78
960,2016-05-02 19:22:25,78
961,2016-05-02 19:22:40,79
962,2016-05-02 19:22:55,79
963,2016-05-02 19:23:10,78
964,2016-05-02 19:23:15,79
965,2016-05-02 19:23:20,82
966,2016-05-02 19:23:25,83
967,2016-05-02 19:23:40,83
968,2016-05-02 19:23:45,83
969,2016-05-02 19:24:00,83
970,2016-05-02 19:24:05,82
971,2016-05-02 19:24:10,83
972,2016-05-02 19:24:25,83
973,2016-05-02 19:24:40,84
974,2016-05-02 19:24:45,86
975,2016-05-02 19:24:50,87
976,2016-05-02 19:24:55,89
977,2016-05-02 19:25:00,88
978,2016-05-02 19:25:05,89
979,2016-05-02 19:25:15,87
980,2016-05-02 19:25:20,85
981,2016-05-02 19:25:25,82
982,2016-05-02 19:25:30,81
983,2016-05-02 19:25:45,81
984,2016-05-02 19:26:00,81
985,2016-05-02 19:26:10,82
986,2016-05-02 19:26:15,83
987,2016-05-02 19:26:25,82
988,2016-05-02 19:26:35,83
989,2016-05-02 19:26:45,87
990,2016-05-02 19:26:50,86
991,2016-05-02 19:27:05,86
992,2016-05-02 19:27:20,86
993,2016-05-02 19:27:35,86
994,2016-05-02 19:27:50,86
995,2016-05-02 19:28:05,86
996,2016-05-02 19:28:20,86
997,2016-05-02 19:28:35,86
998,2016-05-02 19:30:10,86
999,2016-05-02 19:30:25,86
1000,2016-05-02 19:30:30,85
1001,2016-05-02 19:30:35,86
1002,2016-05-02 19:30:40,87
1003,2016-05-02 19:30:45,85
1004,2016-05-02 19:30:55,86
1005,2016-05-02 19:31:05,88
1006,2016-05-02 19:31:20,88
1007,2016-05-02 19:31:25,93
1008,2016-05-02 19:31:30,93
1009,2016-05-02 19:31:45,93
1010,2016-05-02 19:32:00,93
1011,2016-05-02 19:32:15,93
1012,2016-05-02 19:32:30,93
1013,2016-05-02 19:32:45,93
1014,2016-05-02 19:33:00,93
1015,2016-05-02 19:33:15,93
1016,2016-05-02 19:33:30,93
1017,2016-05-02 19:33:45,93
1018,2016-05-02 19:34:00,93
1019,2016-05-02 19:34:15,93
1020,2016-05-02 19:34:30,93
1021,2016-05-02 19:34:45,93
1022,2016-05-02 19:35:00,93
1023,2016-05-02 19:35:15,93
1024,2016-05-02 19:35:30,93
1025,2016-05-02 19:46:05,93
1026,2016-05-02 19:46:20,93
1027,2016-05-02 19:46:30,92
1028,2016-05-02 19:46:45,92
1029,2016-05-02 19:47:00,92
1030,2016-05-02 19:47:05,92
1031,2016-05-02 19:47:10,92
1032,2016-05-02 19:47:25,92
1033,2016-05-02 19:47:30,87
1034,2016-05-02 19:47:45,86
1035,2016-05-02 19:47:50,85
1036,2016-05-02 19:47:55,86
1037,2016-05-02 19:48:10,86
1038,2016-05-02 19:48:25,86
1039,2016-05-02 19:48:40,86
1040,2016-05-02 19:48:55,86
1041,2016-05-02 19:49:10,86
1042,2016-05-02 19:49:25,86
1043,2016-05-02 19:49:40,86
1044,2016-05-02 19:49:55,86
1045,2016-05-02 19:50:10,86
1046,2016-05-02 19:50:25,86
1047,2016-05-02 19:50:40,86
1048,2016-05-02 19:50:55,86
1049,2016-05-02 19:51:10,86
1050,2016-05-02 19:51:25,86
1051,2016-05-02 19:51:40,86
1052,2016-05-02 19:53:05,86
1053,2016-05-02 19:53:15,85
1054,2016-05-02 19:53:20,84
1055,2016-05-02 19:53:30,84
1056,2016-05-02 19:53:35,84
1057,2016-05-02 19:53:45,85
1058,2016-05-02 19:53:50,84
1059,2016-05-02 19:53:55,83
1060,2016-05-02 19:54:00,82
1061,2016-05-02 19:54:15,82
1062,2016-05-02 19:54:30,82
1063,2016-05-02 19:54:45,82
1064,2016-05-02 19:54:50,81
1065,2016-05-02 19:55:00,79
1066,2016-05-02 19:55:15,79
1067,2016-05-02 19:55:30,79
1068,2016-05-02 19:55:45,79
1069,2016-05-02 19:56:00,79
1070,2016-05-02 19:56:15,79
1071,2016-05-02 19:56:30,79
1072,2016-05-02 19:56:45,79
1073,2016-05-02 19:57:00,79
1074,2016-05-02 19:57:15,79
1075,2016-05-02 19:57:30,79
1076,2016-05-02 19:57:45,79
1077,2016-05-02 19:58:00,79
1078,2016-05-02 19:58:15,79
1079,2016-05-02 20:00:10,79
1080,2016-05-02 20:00:25,79
1081,2016-05-02 20:00:40,79
1082,2016-05-02 20:00:55,79
1083,2016-05-02 20:01:10,79
1084,2016-05-02 20:01:15,78
1085,2016-05-02 20:01:30,78
1086,2016-05-02 20:01:40,79
1087,2016-05-02 20:01:55,79
1088,2016-05-02 20:02:10,79
1089,2016-05-02 20:02:25,79
1090,2016-05-02 20:02:30,78
1091,2016-05-02 20:02:35,77
1092,2016-05-02 20:02:40,79
1093,2016-05-02 20:02:45,80
1094,2016-05-02 20:03:00,81
1095,2016-05-02 20:03:15,81
1096,2016-05-02 20:03:30,81
1097,2016-05-02 20:03:45,81
1098,2016-05-02 20:04:00,81
1099,2016-05-02 20:04:15,81
1100,2016-05-02 20:04:30,81
1101,2016-05-02 20:04:45,81
1102,2016-05-02 20:05:00,81
1103,2016-05-02 20:05:15,81
1104,2016-05-02 20:05:30,81
1105,2016-05-02 20:05:45,81
1106,2016-05-02 20:10:05,81
1107,2016-05-02 20:10:10,80
1108,2016-05-02 20:10:25,80
1109,2016-05-02 20:10:40,80
1110,2016-05-02 20:10:50,80
1111,2016-05-02 20:11:00,80
1112,2016-05-02 20:11:10,73
1113,2016-05-02 20:11:20,73
1114,2016-05-02 20:11:30,72
1115,2016-05-02 20:11:35,73
1116,2016-05-02 20:11:50,73
1117,2016-05-02 20:12:05,73
1118,2016-05-02 20:12:20,73
1119,2016-05-02 20:12:35,73
1120,2016-05-02 20:12:50,73
1121,2016-05-02 20:13:05,73
1122,2016-05-02 20:13:20,73
1123,2016-05-02 20:13:35,73
1124,2016-05-02 20:13:50,73
1125,2016-05-02 20:14:05,73
1126,2016-05-02 20:14:20,73
1127,2016-05-02 20:14:35,73
1128,2016-05-02 20:14:50,73
1129,2016-05-02 20:15:05,73
1130,2016-05-02 20:15:20,73
1131,2016-05-02 20:15:35,73
1132,2016-05-02 20:15:50,73
1133,2016-05-02 22:24:00,73
1134,2016-05-02 22:24:15,73
1135,2016-05-02 22:24:30,73
1136,2016-05-02 22:24:45,73
1137,2016-05-02 22:25:00,73
1138,2016-05-02 22:25:15,73
1139,2016-05-09 16:08:05,70
1140,2016-05-09 16:08:15,73
1141,2016-05-09 16:08:25,76
1142,2016-05-09 16:08:30,80
1143,2016-05-09 16:08:40,78
1144,2016-05-09 16:08:45,76
1145,2016-05-09 16:08:50,79
1146,2016-05-09 16:09:05,79
1147,2016-05-09 16:09:20,79
1148,2016-05-09 16:09:25,81
1149,2016-05-09 16:09:30,82
1150,2016-05-09 16:09:35,86
1151,2016-05-09 16:09:40,86
1152,2016-05-09 16:09:55,86
1153,2016-05-09 16:10:00,89
1154,2016-05-09 16:10:05,90
1155,2016-05-09 16:10:10,92
1156,2016-05-09 16:10:15,93
1157,2016-05-09 16:10:20,94
1158,2016-05-09 16:10:25,95
1159,2016-05-09 16:10:35,96
1160,2016-05-09 16:10:40,97
1161,2016-05-09 16:10:45,93
1162,2016-05-09 16:11:00,93
1163,2016-05-09 16:11:10,99
1164,2016-05-09 16:11:15,100
1165,2016-05-09 16:11:30,101
1166,2016-05-09 16:11:35,102
1167,2016-05-09 16:11:40,101
1168,2016-05-09 16:11:55,101
1169,2016-05-09 16:12:10,103
1170,2016-05-09 16:12:25,103
1171,2016-05-09 16:12:30,105
1172,2016-05-09 16:12:35,104
1173,2016-05-09 16:12:40,106
1174,2016-05-09 16:12:50,107
1175,2016-05-09 16:12:55,110
1176,2016-05-09 16:13:10,110
1177,2016-05-09 16:13:25,110
1178,2016-05-09 16:13:35,109
1179,2016-05-09 16:13:40,107
1180,2016-05-09 16:13:55,106
1181,2016-05-09 16:14:00,107
1182,2016-05-09 16:14:15,109
1183,2016-05-09 16:14:30,107
1184,2016-05-09 16:14:40,106
1185,2016-05-09 16:14:45,103
1186,2016-05-09 16:14:50,102
1187,2016-05-09 16:15:00,101
1188,2016-05-09 16:15:15,101
1189,2016-05-09 16:15:30,101
1190,2016-05-09 16:15:45,101
1191,2016-05-09 16:15:55,101
1192,2016-05-09 16:16:10,101
1193,2016-05-09 16:16:15,101
1194,2016-05-09 16:16:25,97
1195,2016-05-09 16:16:30,94
1196,2016-05-09 16:16:40,89
1197,2016-05-09 16:16:45,85
1198,2016-05-09 16:17:00,85
1199,2016-05-09 16:17:15,85
1200,2016-05-09 16:17:20,86
1201,2016-05-09 16:17:35,85
1202,2016-05-09 16:17:45,87
1203,2016-05-09 16:17:50,88
1204,2016-05-09 16:18:05,88
1205,2016-05-09 16:18:15,89
1206,2016-05-09 16:18:20,90
1207,2016-05-09 16:18:35,90
1208,2016-05-09 16:18:50,90
1209,2016-05-09 16:19:05,90
1210,2016-05-09 16:19:20,90
1211,2016-05-09 16:19:35,90
1212,2016-05-09 16:19:50,89
1213,2016-05-09 16:20:05,90
1214,2016-05-09 16:20:10,89
1215,2016-05-09 16:20:20,90
1216,2016-05-09 16:20:35,90
1217,2016-05-09 16:20:40,91
1218,2016-05-09 16:20:45,93
1219,2016-05-09 16:21:00,93
1220,2016-05-09 16:21:05,93
1221,2016-05-09 16:21:10,95
1222,2016-05-09 16:21:20,98
1223,2016-05-09 16:21:25,99
1224,2016-05-09 16:21:30,98
1225,2016-05-09 16:21:40,97
1226,2016-05-09 16:21:45,98
1227,2016-05-09 16:21:50,101
1228,2016-05-09 16:21:55,102
1229,2016-05-09 16:22:00,101
1230,2016-05-09 16:22:05,99
1231,2016-05-09 16:22:20,98
1232,2016-05-09 16:22:25,99
1233,2016-05-09 16:22:40,99
1234,2016-05-09 16:22:55,98
1235,2016-05-09 16:23:00,97
1236,2016-05-09 16:23:10,96
1237,2016-05-09 16:23:20,95
1238,2016-05-09 16:23:25,95
1239,2016-05-09 16:23:35,96
1240,2016-05-09 16:23:40,99
1241,2016-05-09 16:23:55,100
1242,2016-05-09 16:24:05,99
1243,2016-05-09 16:24:10,101
1244,2016-05-09 16:24:15,102
1245,2016-05-09 16:24:30,102
1246,2016-05-09 16:24:35,101
1247,2016-05-09 16:24:40,101
1248,2016-05-09 16:24:45,103
1249,2016-05-09 16:24:50,102
1250,2016-05-09 16:24:55,103
1251,2016-05-09 16:25:00,102
1252,2016-05-09 16:25:10,99
1253,2016-05-09 16:25:15,98
1254,2016-05-09 16:25:20,98
1255,2016-05-09 16:25:25,97
1256,2016-05-09 16:25:40,95
1257,2016-05-09 16:25:55,95
1258,2016-05-09 16:26:05,96
1259,2016-05-09 16:26:10,97
1260,2016-05-09 16:26:15,99
1261,2016-05-09 16:26:20,101
1262,2016-05-09 16:26:25,102
1263,2016-05-09 16:26:40,102
1264,2016-05-09 16:26:45,101
1265,2016-05-09 16:26:50,96
1266,2016-05-09 16:26:55,94
1267,2016-05-09 16:27:00,95
1268,2016-05-09 16:27:10,93
1269,2016-05-09 16:27:20,92
1270,2016-05-09 16:27:35,92
1271,2016-05-09 16:27:45,93
1272,2016-05-09 16:28:00,93
1273,2016-05-09 16:28:05,94
1274,2016-05-09 16:28:10,95
1275,2016-05-09 16:28:15,98
1276,2016-05-09 16:28:20,100
1277,2016-05-09 16:28:25,101
1278,2016-05-09 16:28:35,99
1279,2016-05-09 16:28:40,100
1280,2016-05-09 16:28:55,101
1281,2016-05-09 16:29:10,103
1282,2016-05-09 16:29:20,104
1283,2016-05-09 16:29:25,108
1284,2016-05-09 16:29:30,122
1285,2016-05-09 16:29:45,122
1286,2016-05-09 16:29:50,121
1287,2016-05-09 16:30:00,122
1288,2016-05-09 16:30:15,122
1289,2016-05-09 16:30:30,122
1290,2016-05-09 16:30:45,121
1291,2016-05-09 16:31:00,119
1292,2016-05-09 16:31:05,122
1293,2016-05-09 16:31:10,123
1294,2016-05-09 16:31:20,119
1295,2016-05-09 16:31:35,116
1296,2016-05-09 16:31:40,115
1297,2016-05-09 16:31:50,113
1298,2016-05-09 16:31:55,115
1299,2016-05-09 16:32:00,116
1300,2016-05-09 16:32:05,116
1301,2016-05-09 16:32:15,118
1302,2016-05-09 16:32:30,118
1303,2016-05-09 16:32:35,117
1304,2016-05-09 16:32:40,119
1305,2016-05-09 16:32:45,121
1306,2016-05-09 16:33:00,121
1307,2016-05-09 16:33:10,120
1308,2016-05-09 16:33:15,119
1309,2016-05-09 16:33:25,115
1310,2016-05-09 16:33:30,111
1311,2016-05-09 16:33:45,110
1312,2016-05-09 16:33:50,108
1313,2016-05-09 16:34:05,109
1314,2016-05-09 16:34:10,110
1315,2016-05-09 16:34:20,108
1316,2016-05-09 16:34:25,103
1317,2016-05-09 16:34:40,104
1318,2016-05-09 16:34:55,104
1319,2016-05-09 16:35:10,104
1320,2016-05-09 16:35:15,103
1321,2016-05-09 16:35:25,99
1322,2016-05-09 16:35:35,99
1323,2016-05-09 16:35:50,97
1324,2016-05-09 16:35:55,96
1325,2016-05-09 16:36:05,98
1326,2016-05-09 16:36:10,99
1327,2016-05-09 16:36:15,99
1328,2016-05-09 16:36:25,100
1329,2016-05-09 16:36:30,101
1330,2016-05-09 16:36:35,102
1331,2016-05-09 16:36:40,104
1332,2016-05-09 16:36:55,105
1333,2016-05-09 16:37:00,106
1334,2016-05-09 16:37:10,107
1335,2016-05-09 16:37:15,108
1336,2016-05-09 16:37:25,109
1337,2016-05-09 16:37:30,110
1338,2016-05-09 16:37:35,108
1339,2016-05-09 16:37:40,107
1340,2016-05-09 16:37:45,106
1341,2016-05-09 16:38:00,106
1342,2016-05-09 16:38:05,108
1343,2016-05-09 16:38:20,108
1344,2016-05-09 16:38:35,110
1345,2016-05-09 16:38:50,111
1346,2016-05-09 16:39:05,109
1347,2016-05-09 16:39:15,112
1348,2016-05-09 16:39:30,112
1349,2016-05-09 16:39:45,113
1350,2016-05-09 16:39:50,116
1351,2016-05-09 16:40:05,115
1352,2016-05-09 16:40:15,114
1353,2016-05-09 16:40:30,114
1354,2016-05-09 16:40:35,112
1355,2016-05-09 16:40:45,110
1356,2016-05-09 16:40:50,112
1357,2016-05-09 16:40:55,110
1358,2016-05-09 16:41:05,112
1359,2016-05-09 16:41:15,108
1360,2016-05-09 16:41:20,107
1361,2016-05-09 16:41:35,107
1362,2016-05-09 16:41:40,109
1363,2016-05-09 16:41:45,113
1364,2016-05-09 16:41:50,118
1365,2016-05-09 16:41:55,120
1366,2016-05-09 16:42:10,118
1367,2016-05-09 16:42:15,117
1368,2016-05-09 16:42:20,118
1369,2016-05-09 16:42:25,121
1370,2016-05-09 16:42:30,120
1371,2016-05-09 16:42:45,120
1372,2016-05-09 16:42:50,119
1373,2016-05-09 16:42:55,116
1374,2016-05-09 16:43:05,114
1375,2016-05-09 16:43:20,114
1376,2016-05-09 16:43:35,114
1377,2016-05-09 16:43:50,114
1378,2016-05-09 16:43:55,113
1379,2016-05-09 16:44:05,114
1380,2016-05-09 16:44:10,112
1381,2016-05-09 16:44:15,112
1382,2016-05-09 16:44:25,111
1383,2016-05-09 16:44:30,110
1384,2016-05-09 16:44:40,112
1385,2016-05-09 16:44:45,114
1386,2016-05-09 16:45:00,114
1387,2016-05-09 16:45:10,111
1388,2016-05-09 16:45:25,111
1389,2016-05-09 16:45:30,113
1390,2016-05-09 16:45:40,115
1391,2016-05-09 16:45:55,115
1392,2016-05-09 16:46:05,114
1393,2016-05-09 16:46:10,110
1394,2016-05-09 16:46:15,111
1395,2016-05-09 16:46:20,113
1396,2016-05-09 16:46:25,112
1397,2016-05-09 16:46:35,110
1398,2016-05-09 16:46:40,108
1399,2016-05-09 16:46:45,107
1400,2016-05-09 16:46:55,106
1401,2016-05-09 16:47:05,107
1402,2016-05-09 16:47:10,108
1403,2016-05-09 16:47:15,107
1404,2016-05-09 16:47:20,106
1405,2016-05-09 16:47:25,105
1406,2016-05-09 16:47:30,104
1407,2016-05-09 16:47:40,107
1408,2016-05-09 16:47:45,104
1409,2016-05-09 16:47:55,106
1410,2016-05-09 16:48:00,107
1411,2016-05-09 16:48:15,109
1412,2016-05-09 16:48:20,111
1413,2016-05-09 16:48:35,109
1414,2016-05-09 16:48:45,108
1415,2016-05-09 16:48:50,106
1416,2016-05-09 16:49:05,105
1417,2016-05-09 16:49:20,106
1418,2016-05-09 16:49:25,108
1419,2016-05-09 16:49:30,110
1420,2016-05-09 16:49:45,110
1421,2016-05-09 16:49:50,111
1422,2016-05-09 16:50:05,109
1423,2016-05-09 16:50:20,109
1424,2016-05-09 16:50:25,110
1425,2016-05-09 16:50:30,111
1426,2016-05-09 16:50:45,110
1427,2016-05-09 16:50:55,109
1428,2016-05-09 16:51:10,110
1429,2016-05-09 16:51:20,111
1430,2016-05-09 16:51:30,112
1431,2016-05-09 16:51:35,113
1432,2016-05-09 16:51:40,115
1433,2016-05-09 16:51:45,118
1434,2016-05-09 16:51:50,115
1435,2016-05-09 16:51:55,115
1436,2016-05-09 16:52:00,114
1437,2016-05-09 16:52:05,113
1438,2016-05-09 16:52:10,111
1439,2016-05-09 16:52:25,111
1440,2016-05-09 16:52:40,111
1441,2016-05-09 16:52:45,110
1442,2016-05-09 16:52:50,109
1443,2016-05-09 16:53:05,107
1444,2016-05-09 16:53:10,106
1445,2016-05-09 16:53:25,105
1446,2016-05-09 16:53:30,106
1447,2016-05-09 16:53:45,106
1448,2016-05-09 16:54:00,109
1449,2016-05-09 16:54:10,106
1450,2016-05-09 16:54:15,105
1451,2016-05-09 16:54:20,102
1452,2016-05-09 16:54:25,99
1453,2016-05-09 16:54:40,99
1454,2016-05-09 16:54:50,98
1455,2016-05-09 16:54:55,97
1456,2016-05-09 16:55:10,97
1457,2016-05-09 16:55:15,96
1458,2016-05-09 16:55:30,96
1459,2016-05-09 16:55:45,96
1460,2016-05-09 16:56:00,96
1461,2016-05-09 16:56:05,98
1462,2016-05-09 16:56:10,97
1463,2016-05-09 16:56:15,98
1464,2016-05-09 16:56:25,99
1465,2016-05-09 16:56:30,100
1466,2016-05-09 16:56:35,102
1467,2016-05-09 16:56:40,103
1468,2016-05-09 16:56:45,100
1469,2016-05-09 16:57:00,104
1470,2016-05-09 16:57:05,107
1471,2016-05-09 16:57:20,107
1472,2016-05-09 16:57:35,106
1473,2016-05-09 16:57:40,104
1474,2016-05-09 16:57:45,103
1475,2016-05-09 16:57:50,104
1476,2016-05-09 16:58:05,105
1477,2016-05-09 16:58:15,106
1478,2016-05-09 16:58:30,106
1479,2016-05-09 16:58:40,108
1480,2016-05-09 16:58:45,107
1481,2016-05-09 16:58:55,106
1482,2016-05-09 16:59:00,105
1483,2016-05-09 16:59:10,104
1484,2016-05-09 16:59:25,104
1485,2016-05-09 16:59:30,105
1486,2016-05-09 16:59:45,105
1487,2016-05-09 16:59:50,105
1488,2016-05-09 17:00:05,105
1489,2016-05-09 17:00:10,103
1490,2016-05-09 17:00:15,104
1491,2016-05-09 17:00:20,106
1492,2016-05-09 17:00:35,106
1493,2016-05-09 17:00:50,106
1494,2016-05-09 17:01:00,105
1495,2016-05-09 17:01:15,105
1496,2016-05-09 17:01:25,106
1497,2016-05-09 17:01:35,107
1498,2016-05-09 17:01:40,104
1499,2016-05-09 17:01:45,103
1500,2016-05-09 17:01:50,103
1501,2016-05-09 17:01:55,104
1502,2016-05-09 17:02:10,104
1503,2016-05-09 17:02:15,105
1504,2016-05-09 17:02:25,106
1505,2016-05-09 17:02:35,107
1506,2016-05-09 17:02:40,108
1507,2016-05-09 17:02:50,109
1508,2016-05-09 17:02:55,110
1509,2016-05-09 17:03:10,110
1510,2016-05-09 17:03:25,112
1511,2016-05-09 17:03:40,112
1512,2016-05-09 17:03:45,111
1513,2016-05-09 17:04:00,111
1514,2016-05-09 17:04:15,111
1515,2016-05-09 17:04:30,111
1516,2016-05-09 17:04:35,111
1517,2016-05-09 17:04:50,111
1518,2016-05-09 17:05:05,109
1519,2016-05-09 17:05:10,108
1520,2016-05-09 17:05:20,107
1521,2016-05-09 17:05:25,108
1522,2016-05-09 17:05:30,107
1523,2016-05-09 17:05:45,107
1524,2016-05-09 17:06:00,112
1525,2016-05-09 17:06:05,114
1526,2016-05-09 17:06:15,110
1527,2016-05-09 17:06:20,109
1528,2016-05-09 17:06:25,108
1529,2016-05-09 17:06:30,105
1530,2016-05-09 17:06:35,101
1531,2016-05-09 17:06:50,100
1532,2016-05-09 17:07:05,100
1533,2016-05-09 17:07:10,92
1534,2016-05-09 17:07:15,90
1535,2016-05-09 17:07:20,90
1536,2016-05-09 17:07:30,89
1537,2016-05-09 17:07:45,89
1538,2016-05-09 17:08:00,89
1539,2016-05-09 17:08:15,89
1540,2016-05-09 17:08:30,90
1541,2016-05-09 17:08:45,90
1542,2016-05-09 17:08:50,92
1543,2016-05-09 17:08:55,92
1544,2016-05-09 17:09:00,94
1545,2016-05-09 17:09:05,94
1546,2016-05-09 17:09:15,94
1547,2016-05-09 17:09:30,94
1548,2016-05-09 17:09:45,94
1549,2016-05-09 17:09:55,97
1550,2016-05-09 17:10:00,97
1551,2016-05-09 17:10:10,99
1552,2016-05-09 17:10:20,100
1553,2016-05-09 17:10:25,101
1554,2016-05-09 17:10:35,105
1555,2016-05-09 17:10:40,106
1556,2016-05-09 17:10:45,107
1557,2016-05-09 17:11:00,107
1558,2016-05-09 17:11:05,106
1559,2016-05-09 17:11:20,106
1560,2016-05-09 17:11:35,107
1561,2016-05-09 17:11:40,106
1562,2016-05-09 17:11:55,106
1563,2016-05-09 17:12:10,107
1564,2016-05-09 17:12:15,108
1565,2016-05-09 17:12:30,108
1566,2016-05-09 17:12:40,108
1567,2016-05-09 17:12:55,108
1568,2016-05-09 17:13:00,109
1569,2016-05-09 17:13:05,108
1570,2016-05-09 17:13:10,109
1571,2016-05-09 17:13:15,112
1572,2016-05-09 17:13:20,113
1573,2016-05-09 17:13:25,115
1574,2016-05-09 17:13:30,114
1575,2016-05-09 17:13:40,115
1576,2016-05-09 17:13:50,114
1577,2016-05-09 17:14:00,113
1578,2016-05-09 17:14:05,112
1579,2016-05-09 17:14:20,114
1580,2016-05-09 17:14:25,116
1581,2016-05-09 17:14:40,116
1582,2016-05-09 17:14:50,115
1583,2016-05-09 17:15:00,113
1584,2016-05-09 17:15:05,111
1585,2016-05-09 17:15:10,109
1586,2016-05-09 17:15:15,108
1587,2016-05-09 17:15:20,109
1588,2016-05-09 17:15:35,109
1589,2016-05-09 17:15:50,109
1590,2016-05-09 17:16:05,109
1591,2016-05-09 17:16:20,109
1592,2016-05-09 17:16:35,108
1593,2016-05-09 17:16:45,106
1594,2016-05-09 17:17:00,106
1595,2016-05-09 17:17:15,106
1596,2016-05-09 17:17:30,106
1597,2016-05-09 17:17:35,105
1598,2016-05-09 17:17:40,104
1599,2016-05-09 17:17:55,104
1600,2016-05-09 17:18:10,104
1601,2016-05-09 17:18:15,105
1602,2016-05-09 17:18:30,104
1603,2016-05-09 17:18:35,105
1604,2016-05-09 17:18:40,106
1605,2016-05-09 17:18:55,106
1606,2016-05-09 17:19:05,108
1607,2016-05-09 17:19:10,110
1608,2016-05-09 17:19:15,109
1609,2016-05-09 17:19:30,110
1610,2016-05-09 17:19:45,110
1611,2016-05-09 17:19:50,112
1612,2016-05-09 17:20:05,112
1613,2016-05-09 17:20:10,110
1614,2016-05-09 17:20:15,111
1615,2016-05-09 17:20:20,113
1616,2016-05-09 17:20:35,113
1617,2016-05-09 17:20:50,113
1618,2016-05-09 17:20:55,111
1619,2016-05-09 17:21:00,110
1620,2016-05-09 17:21:10,109
1621,2016-05-09 17:21:15,111
1622,2016-05-09 17:21:20,112
1623,2016-05-09 17:21:25,113
1624,2016-05-09 17:21:30,113
1625,2016-05-09 17:21:35,114
1626,2016-05-09 17:21:40,115
1627,2016-05-09 17:21:55,113
1628,2016-05-09 17:22:00,112
1629,2016-05-09 17:22:10,111
1630,2016-05-09 17:22:20,109
1631,2016-05-09 17:22:25,105
1632,2016-05-09 17:22:35,103
1633,2016-05-09 17:22:50,104
1634,2016-05-09 17:22:55,105
1635,2016-05-09 17:23:10,105
1636,2016-05-09 17:23:25,105
1637,2016-05-09 17:23:40,105
1638,2016-05-09 17:23:50,106
1639,2016-05-09 17:24:00,107
1640,2016-05-09 17:24:05,109
1641,2016-05-09 17:24:15,107
1642,2016-05-09 17:24:20,106
1643,2016-05-09 17:24:25,106
1644,2016-05-09 17:24:30,107
1645,2016-05-09 17:24:35,106
1646,2016-05-09 17:24:45,105
1647,2016-05-09 17:25:00,99
1648,2016-05-09 17:25:05,95
1649,2016-05-09 17:25:10,96
1650,2016-05-09 17:25:15,98
1651,2016-05-09 17:25:20,101
1652,2016-05-09 17:25:30,100
1653,2016-05-09 17:25:35,99
1654,2016-05-09 17:25:40,101
1655,2016-05-09 17:25:55,100
1656,2016-05-09 17:26:00,99
1657,2016-05-09 17:26:15,96
1658,2016-05-09 17:26:30,96
1659,2016-05-09 17:26:45,96
1660,2016-05-09 17:27:00,96
1661,2016-05-09 17:27:15,96
1662,2016-05-09 17:27:30,96
1663,2016-05-09 17:27:45,96
1664,2016-05-09 17:27:55,95
1665,2016-05-09 17:28:05,96
1666,2016-05-09 17:28:15,98
1667,2016-05-09 17:28:25,97
1668,2016-05-09 17:28:30,95
1669,2016-05-09 17:28:35,96
1670,2016-05-09 17:28:50,96
1671,2016-05-09 17:29:05,97
1672,2016-05-09 17:29:10,96
1673,2016-05-09 17:29:15,94
1674,2016-05-09 17:29:20,94
1675,2016-05-09 17:29:25,93
1676,2016-05-09 17:29:40,93
1677,2016-05-09 17:29:55,93
1678,2016-05-09 17:30:00,94
1679,2016-05-09 17:30:05,95
1680,2016-05-09 17:30:10,90
1681,2016-05-09 17:30:15,92
1682,2016-05-09 17:30:30,92
1683,2016-05-09 17:30:35,91
1684,2016-05-09 17:30:45,93
1685,2016-05-09 17:31:00,95
1686,2016-05-09 17:31:05,96
1687,2016-05-09 17:31:15,95
1688,2016-05-09 17:31:20,96
1689,2016-05-09 17:31:30,98
1690,2016-05-09 17:31:35,100
1691,2016-05-09 17:31:45,101
1692,2016-05-09 17:31:50,102
1693,2016-05-09 17:32:00,103
1694,2016-05-09 17:32:10,103
1695,2016-05-09 17:32:15,102
1696,2016-05-09 17:32:20,101
1697,2016-05-09 17:32:25,102
1698,2016-05-09 17:32:30,103
1699,2016-05-09 17:32:35,103
1700,2016-05-09 17:32:50,102
1701,2016-05-09 17:33:00,101
1702,2016-05-09 17:33:10,100
1703,2016-05-09 17:33:25,100
1704,2016-05-09 17:33:40,99
1705,2016-05-09 17:33:45,99
1706,2016-05-09 17:34:00,97
1707,2016-05-09 17:34:05,96
1708,2016-05-09 17:34:10,94
1709,2016-05-09 17:34:15,92
1710,2016-05-09 17:34:25,91
1711,2016-05-09 17:34:30,93
1712,2016-05-09 17:34:35,97
1713,2016-05-09 17:34:40,94
1714,2016-05-09 17:34:45,95
1715,2016-05-09 17:34:50,96
1716,2016-05-09 17:35:00,93
1717,2016-05-09 17:35:05,91
1718,2016-05-09 17:35:10,89
1719,2016-05-09 17:35:15,91
1720,2016-05-09 17:35:25,90
1721,2016-05-09 17:35:35,92
1722,2016-05-09 17:35:40,91
1723,2016-05-09 17:35:55,92
1724,2016-05-09 17:36:00,93
1725,2016-05-09 17:36:05,92
1726,2016-05-09 17:36:10,96
1727,2016-05-09 17:36:15,99
1728,2016-05-09 17:36:20,100
1729,2016-05-09 17:36:25,102
1730,2016-05-09 17:36:35,101
1731,2016-05-09 17:36:40,97
1732,2016-05-09 17:36:45,99
1733,2016-05-09 17:36:55,100
1734,2016-05-09 17:37:00,103
1735,2016-05-09 17:37:05,105
1736,2016-05-09 17:37:15,106
1737,2016-05-09 17:37:20,107
1738,2016-05-09 17:37:25,106
1739,2016-05-09 17:37:30,101
1740,2016-05-09 17:37:35,103
1741,2016-05-09 17:37:40,106
1742,2016-05-09 17:37:45,103
1743,2016-05-09 17:37:50,109
1744,2016-05-09 17:37:55,111
1745,2016-05-09 17:38:00,112
1746,2016-05-09 17:38:05,114
1747,2016-05-09 17:38:10,115
1748,2016-05-09 17:38:15,114
1749,2016-05-09 17:38:20,113
1750,2016-05-09 17:38:25,111
1751,2016-05-09 17:38:40,110
1752,2016-05-09 17:38:45,111
1753,2016-05-09 17:38:50,112
1754,2016-05-09 17:39:05,110
1755,2016-05-09 17:39:10,109
1756,2016-05-09 17:39:15,108
1757,2016-05-09 17:39:20,107
1758,2016-05-09 17:39:25,106
1759,2016-05-09 17:39:30,102
1760,2016-05-09 17:39:35,101
1761,2016-05-09 17:39:40,100
1762,2016-05-09 17:39:45,97
1763,2016-05-09 17:39:50,93
1764,2016-05-09 17:39:55,90
1765,2016-05-09 17:40:00,90
1766,2016-05-09 17:40:05,91
1767,2016-05-09 17:40:15,93
1768,2016-05-09 17:40:20,97
1769,2016-05-09 17:40:25,99
1770,2016-05-09 17:40:30,96
1771,2016-05-09 17:40:35,99
1772,2016-05-09 17:40:40,98
1773,2016-05-09 17:40:55,96
1774,2016-05-09 17:41:00,99
1775,2016-05-09 17:41:05,100
1776,2016-05-09 17:41:10,99
1777,2016-05-09 17:41:20,101
1778,2016-05-09 17:41:30,102
1779,2016-05-09 17:41:35,103
1780,2016-05-09 17:41:40,104
1781,2016-05-09 17:41:45,103
1782,2016-05-09 17:41:50,102
1783,2016-05-09 17:41:55,101
1784,2016-05-09 17:42:05,104
1785,2016-05-09 17:42:10,103
1786,2016-05-09 17:42:15,103
1787,2016-05-09 17:42:20,103
1788,2016-05-09 17:42:25,102
1789,2016-05-09 17:42:30,102
1790,2016-05-09 17:42:40,104
1791,2016-05-09 17:42:45,105
1792,2016-05-09 17:43:00,105
1793,2016-05-09 17:43:10,107
1794,2016-05-09 17:43:25,107
1795,2016-05-09 17:43:35,108
1796,2016-05-09 17:43:40,107
1797,2016-05-09 17:43:45,110
1798,2016-05-09 17:44:00,110
1799,2016-05-09 17:44:15,110
1800,2016-05-09 17:44:20,112
1801,2016-05-09 17:44:25,113
1802,2016-05-09 17:44:30,110
1803,2016-05-09 17:44:35,108
1804,2016-05-09 17:44:40,107
1805,2016-05-09 17:44:55,107
1806,2016-05-09 17:45:10,107
1807,2016-05-09 17:45:15,110
1808,2016-05-09 17:45:20,109
1809,2016-05-09 17:45:35,109
1810,2016-05-09 17:45:40,108
1811,2016-05-09 17:45:50,107
1812,2016-05-09 17:46:05,105
1813,2016-05-09 17:46:10,106
1814,2016-05-09 17:46:15,107
1815,2016-05-09 17:46:25,108
1816,2016-05-09 17:46:30,107
1817,2016-05-09 17:46:35,108
1818,2016-05-09 17:46:40,109
1819,2016-05-09 17:46:45,107
1820,2016-05-09 17:46:50,104
1821,2016-05-09 17:46:55,105
1822,2016-05-09 17:47:00,104
1823,2016-05-09 17:47:15,104
1824,2016-05-09 17:47:30,104
1825,2016-05-09 17:47:45,104
1826,2016-05-09 17:48:00,104
1827,2016-05-09 17:48:15,104
1828,2016-05-09 17:48:30,102
1829,2016-05-09 17:48:45,102
1830,2016-05-09 17:49:00,102
1831,2016-05-09 17:49:15,102
1832,2016-05-09 17:49:30,102
1833,2016-05-09 17:49:45,102
1834,2016-05-09 17:50:00,102
1835,2016-05-09 17:50:15,102
1836,2016-05-09 17:50:30,101
1837,2016-05-09 17:50:35,100
1838,2016-05-09 17:50:45,101
1839,2016-05-09 17:50:50,96
1840,2016-05-09 17:50:55,96
1841,2016-05-09 17:51:10,95
1842,2016-05-09 17:51:15,94
1843,2016-05-09 17:51:30,94
1844,2016-05-09 17:51:40,94
1845,2016-05-09 17:51:55,94
1846,2016-05-09 17:52:00,95
1847,2016-05-09 17:52:10,96
1848,2016-05-09 17:52:20,95
1849,2016-05-09 17:52:25,93
1850,2016-05-09 17:52:40,93
1851,2016-05-09 17:52:45,92
1852,2016-05-09 17:52:55,93
1853,2016-05-09 17:53:00,94
1854,2016-05-09 17:53:05,92
1855,2016-05-09 17:53:20,92
1856,2016-05-09 17:53:30,91
1857,2016-05-09 17:53:35,90
1858,2016-05-09 17:53:40,89
1859,2016-05-09 17:53:45,91
1860,2016-05-09 17:53:50,92
1861,2016-05-09 17:53:55,94
1862,2016-05-09 17:54:00,100
1863,2016-05-09 17:54:05,100
1864,2016-05-09 17:54:10,101
1865,2016-05-09 17:54:20,103
1866,2016-05-09 17:54:25,103
1867,2016-05-09 17:54:30,103
1868,2016-05-09 17:54:45,101
1869,2016-05-09 17:54:50,100
1870,2016-05-09 17:54:55,100
1871,2016-05-09 17:55:00,99
1872,2016-05-09 17:55:05,101
1873,2016-05-09 17:55:10,101
1874,2016-05-09 17:55:25,101
1875,2016-05-09 17:55:30,100
1876,2016-05-09 17:55:45,101
1877,2016-05-09 17:55:50,102
1878,2016-05-09 17:56:00,103
1879,2016-05-09 17:56:15,103
1880,2016-05-09 17:56:25,104
1881,2016-05-09 17:56:30,105
1882,2016-05-09 17:56:40,99
1883,2016-05-09 17:56:50,101
1884,2016-05-09 17:56:55,102
1885,2016-05-09 17:57:10,102
1886,2016-05-09 17:57:25,102
1887,2016-05-09 17:57:30,103
1888,2016-05-09 17:57:45,103
1889,2016-05-09 17:57:50,103
1890,2016-05-09 17:58:05,103
1891,2016-05-09 17:58:20,103
1892,2016-05-09 17:58:35,105
1893,2016-05-09 17:58:45,104
1894,2016-05-09 17:58:50,104
1895,2016-05-09 17:59:00,102
1896,2016-05-09 17:59:10,103
1897,2016-05-09 17:59:20,104
1898,2016-05-09 17:59:35,104
1899,2016-05-09 17:59:40,103
1900,2016-05-09 17:59:55,102
1901,2016-05-09 18:00:00,100
1902,2016-05-09 18:00:05,99
1903,2016-05-09 18:00:10,96
1904,2016-05-09 18:00:15,96
1905,2016-05-09 18:00:30,96
1906,2016-05-09 18:00:35,100
1907,2016-05-09 18:00:40,99
1908,2016-05-09 18:00:55,99
1909,2016-05-09 18:01:00,98
1910,2016-05-09 18:01:05,97
1911,2016-05-09 18:01:20,96
1912,2016-05-09 18:01:30,95
1913,2016-05-09 18:01:45,95
1914,2016-05-09 18:02:00,95
1915,2016-05-09 18:02:05,94
1916,2016-05-09 18:02:20,94
1917,2016-05-09 18:02:30,93
1918,2016-05-09 18:02:45,93
1919,2016-05-09 18:02:55,92
1920,2016-05-09 18:03:00,91
1921,2016-05-09 18:03:05,91
1922,2016-05-09 18:03:10,92
1923,2016-05-09 18:03:15,93
1924,2016-05-09 18:03:20,94
1925,2016-05-09 18:03:25,93
1926,2016-05-09 18:03:30,94
1927,2016-05-09 18:03:35,95
1928,2016-05-09 18:03:40,94
1929,2016-05-09 18:03:55,92
1930,2016-05-09 18:04:00,91
1931,2016-05-09 18:04:15,91
1932,2016-05-09 18:04:30,91
1933,2016-05-09 18:04:45,91
1934,2016-05-09 18:05:00,91
1935,2016-05-09 18:05:15,91
1936,2016-05-09 18:05:25,90
1937,2016-05-09 18:05:35,89
1938,2016-05-09 18:05:50,89
1939,2016-05-09 18:06:05,89
1940,2016-05-09 18:06:20,89
1941,2016-05-09 18:06:35,89
1942,2016-05-09 18:06:50,85
1943,2016-05-09 18:07:00,83
1944,2016-05-09 18:07:05,84
1945,2016-05-09 18:07:15,85
1946,2016-05-09 18:07:30,85
1947,2016-05-09 18:07:45,86
1948,2016-05-09 18:07:50,92
1949,2016-05-09 18:07:55,93
1950,2016-05-09 18:08:05,93
1951,2016-05-09 18:08:20,93
1952,2016-05-09 18:08:35,92
1953,2016-05-09 18:08:45,93
1954,2016-05-09 18:09:00,93
1955,2016-05-09 18:09:05,94
1956,2016-05-09 18:09:20,94
1957,2016-05-09 18:09:35,94
1958,2016-05-09 18:09:40,95
1959,2016-05-09 18:09:45,94
1960,2016-05-09 18:10:00,94
1961,2016-05-09 18:10:05,95
1962,2016-05-09 18:10:15,95
1963,2016-05-09 18:10:30,94
1964,2016-05-09 18:10:35,94
1965,2016-05-09 18:10:40,94
1966,2016-05-09 18:10:55,94
1967,2016-05-09 18:11:10,100
1968,2016-05-09 18:11:20,101
1969,2016-05-09 18:11:30,100
1970,2016-05-09 18:11:40,101
1971,2016-05-09 18:11:50,104
1972,2016-05-09 18:11:55,103
1973,2016-05-09 18:12:10,103
1974,2016-05-09 18:12:15,104
1975,2016-05-09 18:12:20,104
1976,2016-05-09 18:12:35,104
1977,2016-05-09 18:12:50,104
1978,2016-05-09 18:13:05,104
1979,2016-05-09 18:13:10,103
1980,2016-05-09 18:13:20,104
1981,2016-05-09 18:13:35,104
1982,2016-05-09 18:13:50,104
1983,2016-05-09 18:13:55,107
1984,2016-05-09 18:14:00,109
1985,2016-05-09 18:14:05,103
1986,2016-05-09 18:14:10,102
1987,2016-05-09 18:14:15,99
1988,2016-05-09 18:14:20,98
1989,2016-05-09 18:14:25,99
1990,2016-05-09 18:14:30,98
1991,2016-05-09 18:14:35,96
1992,2016-05-09 18:14:40,97
1993,2016-05-09 18:14:50,93
1994,2016-05-09 18:14:55,90
1995,2016-05-09 18:15:10,90
1996,2016-05-09 18:15:25,90
1997,2016-05-09 18:15:40,90
1998,2016-05-09 18:15:55,90
1999,2016-05-09 18:16:10,90
2000,2016-05-09 18:16:20,90
2001,2016-05-09 18:16:35,90
2002,2016-05-09 18:16:40,90
2003,2016-05-09 18:16:50,92
2004,2016-05-09 18:16:55,92
2005,2016-05-09 18:17:00,91
2006,2016-05-09 18:17:05,90
2007,2016-05-09 18:17:10,92
2008,2016-05-09 18:17:15,90
2009,2016-05-09 18:17:20,89
2010,2016-05-09 18:17:35,88
2011,2016-05-09 18:17:40,89
2012,2016-05-09 18:17:55,89
2013,2016-05-09 18:18:05,90
2014,2016-05-09 18:18:10,92
2015,2016-05-09 18:18:20,91
2016,2016-05-09 18:18:25,92
2017,2016-05-09 18:18:30,91
2018,2016-05-09 18:18:40,89
2019,2016-05-09 18:18:45,89
2020,2016-05-09 18:18:50,90
2021,2016-05-09 18:18:55,90
2022,2016-05-09 18:19:10,90
2023,2016-05-09 18:19:25,90
2024,2016-05-09 18:19:40,90
2025,2016-05-09 18:19:50,89
2026,2016-05-09 18:20:00,87
2027,2016-05-09 18:20:05,85
2028,2016-05-09 18:20:10,86
2029,2016-05-09 18:20:15,86
2030,2016-05-09 18:20:30,85
2031,2016-05-09 18:20:40,78
2032,2016-05-09 18:20:50,74
2033,2016-05-09 18:20:55,73
2034,2016-05-09 18:21:10,73
2035,2016-05-09 18:21:25,73
2036,2016-05-09 18:21:40,73
2037,2016-05-09 18:21:55,73
2038,2016-05-09 18:22:00,75
2039,2016-05-09 18:22:15,75
2040,2016-05-09 18:22:20,81
2041,2016-05-09 18:22:30,85
2042,2016-05-09 18:22:45,85
2043,2016-05-09 18:23:00,85
2044,2016-05-09 18:23:10,84
2045,2016-05-09 18:23:25,84
2046,2016-05-09 18:23:40,84
2047,2016-05-09 18:23:50,85
2048,2016-05-09 18:24:00,88
2049,2016-05-09 18:24:15,88
2050,2016-05-09 18:24:30,89
2051,2016-05-09 18:24:35,91
2052,2016-05-09 18:24:50,91
2053,2016-05-09 18:24:55,92
2054,2016-05-09 18:25:00,94
2055,2016-05-09 18:25:10,94
2056,2016-05-09 18:25:15,94
2057,2016-05-09 18:25:25,95
2058,2016-05-09 18:25:40,96
2059,2016-05-09 18:25:55,96
2060,2016-05-09 18:26:00,97
2061,2016-05-09 18:26:05,98
2062,2016-05-09 18:26:15,93
2063,2016-05-09 18:26:20,91
2064,2016-05-09 18:26:25,91
2065,2016-05-09 18:26:40,92
2066,2016-05-09 18:26:45,94
2067,2016-05-09 18:26:55,95
2068,2016-05-09 18:27:05,97
2069,2016-05-09 18:27:15,98
2070,2016-05-09 18:27:30,100
2071,2016-05-09 18:27:45,101
2072,2016-05-09 18:28:00,102
2073,2016-05-09 18:28:10,103
2074,2016-05-09 18:28:15,104
2075,2016-05-09 18:28:30,101
2076,2016-05-09 18:28:35,97
2077,2016-05-09 18:28:40,97
2078,2016-05-09 18:28:55,97
2079,2016-05-09 18:29:00,98
2080,2016-05-09 18:29:05,100
2081,2016-05-09 18:29:10,99
2082,2016-05-09 18:29:15,97
2083,2016-05-09 18:29:20,96
2084,2016-05-09 18:29:30,95
2085,2016-05-09 18:29:35,92
2086,2016-05-09 18:29:40,92
2087,2016-05-09 18:29:45,93
2088,2016-05-09 18:29:50,96
2089,2016-05-09 18:29:55,99
2090,2016-05-09 18:30:05,101
2091,2016-05-09 18:30:20,101
2092,2016-05-09 18:30:35,101
2093,2016-05-09 18:30:45,102
2094,2016-05-09 18:31:00,102
2095,2016-05-09 18:31:05,103
2096,2016-05-09 18:31:10,104
2097,2016-05-09 18:31:15,102
2098,2016-05-09 18:31:20,99
2099,2016-05-09 18:31:25,97
2100,2016-05-09 18:31:35,98
2101,2016-05-09 18:31:50,98
2102,2016-05-09 18:32:00,99
2103,2016-05-09 18:32:15,99
2104,2016-05-09 18:32:20,98
2105,2016-05-09 18:32:35,97
2106,2016-05-09 18:32:40,96
2107,2016-05-09 18:32:55,96
2108,2016-05-09 18:33:00,95
2109,2016-05-09 18:33:05,94
2110,2016-05-09 18:33:10,94
2111,2016-05-09 18:33:15,94
2112,2016-05-09 18:33:30,94
2113,2016-05-09 18:33:45,94
2114,2016-05-09 18:33:55,95
2115,2016-05-09 18:34:05,98
2116,2016-05-09 18:34:10,100
2117,2016-05-09 18:34:25,101
2118,2016-05-09 18:34:30,100
2119,2016-05-09 18:34:40,99
2120,2016-05-09 18:34:45,100
2121,2016-05-09 18:35:00,100
2122,2016-05-09 18:35:15,100
2123,2016-05-09 18:35:30,100
2124,2016-05-09 18:35:45,100
2125,2016-05-09 18:36:00,100
2126,2016-05-09 18:36:05,90
2127,2016-05-09 18:36:20,90
2128,2016-05-09 18:36:25,89
2129,2016-05-09 18:36:40,89
2130,2016-05-09 18:36:45,88
2131,2016-05-09 18:37:00,88
2132,2016-05-09 18:37:15,88
2133,2016-05-09 18:37:20,87
2134,2016-05-09 18:37:25,87
2135,2016-05-09 18:37:40,87
2136,2016-05-09 18:37:50,87
2137,2016-05-09 18:38:05,87
2138,2016-05-09 18:38:20,86
2139,2016-05-09 18:38:35,86
2140,2016-05-09 18:38:50,86
2141,2016-05-09 18:39:00,84
2142,2016-05-09 18:39:15,84
2143,2016-05-09 18:39:30,84
2144,2016-05-09 18:39:45,84
2145,2016-05-09 18:39:50,83
2146,2016-05-09 18:40:05,83
2147,2016-05-09 18:40:20,83
2148,2016-05-09 18:40:35,82
2149,2016-05-09 18:40:40,81
2150,2016-05-09 18:40:50,81
2151,2016-05-09 18:41:05,81
2152,2016-05-09 18:41:10,81
2153,2016-05-09 18:41:15,84
2154,2016-05-09 18:41:30,84
2155,2016-05-09 18:41:45,83
2156,2016-05-09 18:42:00,83
2157,2016-05-09 18:42:10,82
2158,2016-05-09 18:42:20,84
2159,2016-05-09 18:42:25,85
2160,2016-05-09 18:42:40,85
2161,2016-05-09 18:42:55,86
2162,2016-05-09 18:43:10,88
2163,2016-05-09 18:43:15,88
2164,2016-05-09 18:43:20,89
2165,2016-05-09 18:43:30,90
2166,2016-05-09 18:43:35,92
2167,2016-05-09 18:43:45,102
2168,2016-05-09 18:44:00,103
2169,2016-05-09 18:44:10,104
2170,2016-05-09 18:44:20,103
2171,2016-05-09 18:44:35,103
2172,2016-05-09 18:44:45,105
2173,2016-05-09 18:44:55,106
2174,2016-05-09 18:45:00,104
2175,2016-05-09 18:45:05,101
2176,2016-05-09 18:45:20,103
2177,2016-05-09 18:45:25,100
2178,2016-05-09 18:45:30,98
2179,2016-05-09 18:45:35,95
2180,2016-05-09 18:45:40,94
2181,2016-05-09 18:45:45,95
2182,2016-05-09 18:46:00,94
2183,2016-05-09 18:46:15,94
2184,2016-05-09 18:46:30,93
2185,2016-05-09 18:46:35,86
2186,2016-05-09 18:46:40,86
2187,2016-05-09 18:46:55,87
2188,2016-05-09 18:47:10,87
2189,2016-05-09 18:47:15,87
2190,2016-05-09 18:47:30,87
2191,2016-05-09 18:47:45,87
2192,2016-05-09 18:48:00,87
2193,2016-05-09 18:48:15,87
2194,2016-05-09 18:48:30,87
2195,2016-05-09 18:48:35,87
2196,2016-05-09 18:48:40,88
2197,2016-05-09 18:48:45,86
2198,2016-05-09 18:49:00,86
2199,2016-05-09 18:49:10,84
2200,2016-05-09 18:49:15,87
2201,2016-05-09 18:49:20,87
2202,2016-05-09 18:49:30,90
2203,2016-05-09 18:49:35,91
2204,2016-05-09 18:49:40,93
2205,2016-05-09 18:49:45,95
2206,2016-05-09 18:49:55,97
2207,2016-05-09 18:50:00,99
2208,2016-05-09 18:50:05,93
2209,2016-05-09 18:50:10,93
2210,2016-05-09 18:50:25,93
2211,2016-05-09 18:50:35,91
2212,2016-05-09 18:50:50,90
2213,2016-05-09 18:51:05,90
2214,2016-05-09 18:51:10,89
2215,2016-05-09 18:51:25,89
2216,2016-05-09 18:51:30,89
2217,2016-05-09 18:51:35,88
2218,2016-05-09 18:51:40,89
2219,2016-05-09 18:51:55,89
2220,2016-05-09 18:52:10,90
2221,2016-05-09 18:52:20,89
2222,2016-05-09 18:52:35,89
2223,2016-05-09 18:52:50,89
2224,2016-05-09 18:52:55,92
2225,2016-05-09 18:53:00,93
2226,2016-05-09 18:53:05,94
2227,2016-05-09 18:53:20,94
2228,2016-05-09 18:53:25,96
2229,2016-05-09 18:53:30,95
2230,2016-05-09 18:53:35,99
2231,2016-05-09 18:53:40,115
2232,2016-05-09 18:53:50,116
2233,2016-05-09 18:53:55,110
2234,2016-05-09 18:54:00,104
2235,2016-05-09 18:54:05,101
2236,2016-05-09 18:54:20,101
2237,2016-05-09 18:54:30,100
2238,2016-05-09 18:54:35,94
2239,2016-05-09 18:54:40,91
2240,2016-05-09 18:54:45,89
2241,2016-05-09 18:54:50,88
2242,2016-05-09 18:55:00,84
2243,2016-05-09 18:55:15,84
2244,2016-05-09 18:55:20,83
2245,2016-05-09 18:55:35,83
2246,2016-05-09 18:55:40,84
2247,2016-05-09 18:55:45,85
2248,2016-05-09 18:56:00,85
2249,2016-05-09 18:56:15,85
2250,2016-05-09 18:56:30,86
2251,2016-05-09 18:56:45,86
2252,2016-05-09 18:56:50,84
2253,2016-05-09 18:57:00,83
2254,2016-05-09 18:57:10,82
2255,2016-05-09 18:57:20,81
2256,2016-05-09 18:57:35,80
2257,2016-05-09 18:57:40,81
2258,2016-05-09 18:57:55,81
2259,2016-05-09 18:58:10,81
2260,2016-05-09 18:58:15,80
2261,2016-05-09 18:58:30,80
2262,2016-05-09 18:58:40,81
2263,2016-05-09 18:58:55,81
2264,2016-05-09 18:59:00,83
2265,2016-05-09 18:59:15,83
2266,2016-05-09 18:59:30,83
2267,2016-05-09 18:59:45,83
2268,2016-05-09 18:59:50,83
2269,2016-05-09 19:00:00,83
2270,2016-05-09 19:00:15,83
2271,2016-05-09 19:00:30,83
2272,2016-05-09 19:00:45,83
2273,2016-05-09 19:01:00,83
2274,2016-05-09 19:01:15,83
2275,2016-05-09 19:01:30,84
2276,2016-05-09 19:01:40,86
2277,2016-05-09 19:01:45,92
2278,2016-05-09 19:01:50,92
2279,2016-05-09 19:02:05,92
2280,2016-05-09 19:02:20,92
2281,2016-05-09 19:02:30,92
2282,2016-05-09 19:02:45,92
2283,2016-05-09 19:02:50,91
2284,2016-05-09 19:02:55,85
2285,2016-05-09 19:03:00,85
2286,2016-05-09 19:03:05,86
2287,2016-05-09 19:03:20,86
2288,2016-05-09 19:03:30,85
2289,2016-05-09 19:03:40,85
2290,2016-05-09 19:03:55,85
2291,2016-05-09 19:04:10,84
2292,2016-05-09 19:04:15,83
2293,2016-05-09 19:04:20,84
2294,2016-05-09 19:04:35,84
2295,2016-05-09 19:04:40,84
2296,2016-05-09 19:04:50,85
2297,2016-05-09 19:04:55,86
2298,2016-05-09 19:05:10,86
2299,2016-05-09 19:05:25,86
2300,2016-05-09 19:05:30,87
2301,2016-05-09 19:05:35,88
2302,2016-05-09 19:05:50,88
2303,2016-05-09 19:06:05,88
2304,2016-05-09 19:06:10,86
2305,2016-05-09 19:06:25,86
2306,2016-05-09 19:06:40,86
2307,2016-05-09 19:06:55,86
2308,2016-05-09 19:07:10,87
2309,2016-05-09 19:07:25,87
2310,2016-05-09 19:07:35,85
2311,2016-05-09 19:07:40,86
2312,2016-05-09 19:07:45,89
2313,2016-05-09 19:07:50,90
2314,2016-05-09 19:08:05,90
2315,2016-05-09 19:08:20,91
2316,2016-05-09 19:08:30,91
2317,2016-05-09 19:08:45,91
2318,2016-05-09 19:08:55,92
2319,2016-05-09 19:09:05,91
2320,2016-05-09 19:09:15,90
2321,2016-05-09 19:09:30,86
2322,2016-05-09 19:09:35,89
2323,2016-05-09 19:09:40,91
2324,2016-05-09 19:09:55,91
2325,2016-05-09 19:11:05,74
2326,2016-05-09 19:11:20,74
2327,2016-05-09 19:11:25,91
2328,2016-05-09 19:11:30,86
2329,2016-05-09 19:11:40,82
2330,2016-05-09 19:11:45,80
2331,2016-05-09 19:11:55,82
2332,2016-05-09 19:12:00,83
2333,2016-05-09 19:12:15,81
2334,2016-05-09 19:12:20,82
2335,2016-05-09 19:12:25,82
2336,2016-05-09 19:12:40,82
2337,2016-05-09 19:12:45,84
2338,2016-05-09 19:12:50,87
2339,2016-05-09 19:12:55,89
2340,2016-05-09 19:13:00,89
2341,2016-05-09 19:13:10,88
2342,2016-05-09 19:13:15,87
2343,2016-05-09 19:13:30,86
2344,2016-05-09 19:13:45,86
2345,2016-05-09 19:13:55,86
2346,2016-05-09 19:14:10,86
2347,2016-05-09 19:14:25,86
2348,2016-05-09 19:14:30,88
2349,2016-05-09 19:14:40,87
2350,2016-05-09 19:14:45,88
2351,2016-05-09 19:14:50,90
2352,2016-05-09 19:14:55,91
2353,2016-05-09 19:15:00,92
2354,2016-05-09 19:15:15,91
2355,2016-05-09 19:15:20,89
2356,2016-05-09 19:15:25,90
2357,2016-05-09 19:15:35,91
2358,2016-05-09 19:15:50,91
2359,2016-05-09 19:15:55,90
2360,2016-05-09 19:16:00,88
2361,2016-05-09 19:16:15,89
2362,2016-05-09 19:16:20,91
2363,2016-05-09 19:16:25,92
2364,2016-05-09 19:16:30,90
2365,2016-05-09 19:16:40,89
2366,2016-05-09 19:16:50,91
2367,2016-05-09 19:16:55,92
2368,2016-05-09 19:17:05,85
2369,2016-05-09 19:17:20,85
2370,2016-05-09 19:17:25,86
2371,2016-05-09 19:17:30,87
2372,2016-05-09 19:17:35,88
2373,2016-05-09 19:17:40,89
2374,2016-05-09 19:17:55,89
2375,2016-05-09 19:18:10,89
2376,2016-05-09 19:18:25,89
2377,2016-05-09 19:18:30,90
2378,2016-05-09 19:18:45,90
2379,2016-05-09 19:18:50,89
2380,2016-05-09 19:19:00,88
2381,2016-05-09 19:19:10,88
2382,2016-05-09 19:19:15,90
2383,2016-05-09 19:19:20,88
2384,2016-05-09 19:19:35,89
2385,2016-05-09 19:19:50,89
2386,2016-05-09 19:20:05,89
2387,2016-05-09 19:20:15,88
2388,2016-05-09 19:20:20,89
2389,2016-05-09 19:20:35,89
2390,2016-05-09 19:20:50,89
2391,2016-05-09 19:20:55,88
2392,2016-05-09 19:21:10,88
2393,2016-05-09 19:21:15,88
2394,2016-05-09 19:21:20,88
2395,2016-05-09 19:21:25,88
2396,2016-05-09 19:21:35,87
2397,2016-05-09 19:21:50,87
2398,2016-05-09 19:22:05,87
2399,2016-05-09 19:22:15,88
2400,2016-05-09 19:22:20,89
2401,2016-05-09 19:22:25,90
2402,2016-05-09 19:22:30,92
2403,2016-05-09 19:22:45,92
2404,2016-05-09 19:23:00,93
2405,2016-05-09 19:23:15,93
2406,2016-05-09 19:23:30,93
2407,2016-05-09 19:23:40,94
2408,2016-05-09 19:23:45,95
2409,2016-05-09 19:23:50,94
2410,2016-05-09 19:24:05,94
2411,2016-05-09 19:24:20,94
2412,2016-05-09 19:24:35,95
2413,2016-05-09 19:24:50,95
2414,2016-05-09 19:24:55,94
2415,2016-05-09 19:25:00,101
2416,2016-05-09 19:25:05,96
2417,2016-05-09 19:25:15,101
2418,2016-05-09 19:25:20,96
2419,2016-05-09 19:25:25,97
2420,2016-05-09 19:25:30,98
2421,2016-05-09 19:25:45,98
2422,2016-05-09 19:26:00,98
2423,2016-05-09 19:26:15,99
2424,2016-05-09 19:26:20,101
2425,2016-05-09 19:26:30,102
2426,2016-05-09 19:26:45,102
2427,2016-05-09 19:26:50,103
2428,2016-05-09 19:27:05,103
2429,2016-05-09 19:27:20,103
2430,2016-05-09 19:27:35,103
2431,2016-05-09 19:27:40,104
2432,2016-05-09 19:27:45,105
2433,2016-05-09 19:27:50,107
2434,2016-05-09 19:27:55,105
2435,2016-05-09 19:28:00,100
2436,2016-05-09 19:28:05,101
2437,2016-05-09 19:28:10,102
2438,2016-05-09 19:28:20,103
2439,2016-05-09 19:28:35,104
2440,2016-05-09 19:28:50,104
2441,2016-05-09 19:28:55,103
2442,2016-05-09 19:29:10,105
2443,2016-05-09 19:29:25,105
2444,2016-05-09 19:29:30,107
2445,2016-05-09 19:29:35,106
2446,2016-05-09 19:29:40,107
2447,2016-05-09 19:29:45,108
2448,2016-05-09 19:30:00,107
2449,2016-05-09 19:30:10,106
2450,2016-05-09 19:30:20,105
2451,2016-05-09 19:30:30,104
2452,2016-05-09 19:30:35,103
2453,2016-05-09 19:30:50,103
2454,2016-05-09 19:31:05,103
2455,2016-05-09 19:31:20,98
2456,2016-05-09 19:31:25,97
2457,2016-05-09 19:31:40,97
2458,2016-05-09 19:31:55,97
2459,2016-05-09 19:32:10,97
2460,2016-05-09 19:32:25,97
2461,2016-05-09 19:32:40,97
2462,2016-05-09 19:32:55,97
2463,2016-05-09 19:33:10,97
2464,2016-05-09 19:33:25,97
2465,2016-05-09 19:33:40,97
2466,2016-05-09 19:33:55,97
2467,2016-05-09 19:34:10,97
2468,2016-05-09 19:34:25,97
2469,2016-05-09 19:34:40,97
2470,2016-05-09 19:34:55,97
2471,2016-05-09 19:46:05,97
2472,2016-05-09 19:46:20,97
2473,2016-05-09 19:46:35,97
2474,2016-05-09 19:46:50,97
2475,2016-05-09 19:47:05,97
2476,2016-05-09 19:47:20,97
2477,2016-05-09 19:47:30,91
2478,2016-05-09 19:47:35,89
2479,2016-05-09 19:47:45,88
2480,2016-05-09 19:48:00,88
2481,2016-05-09 19:48:15,88
2482,2016-05-09 19:48:20,86
2483,2016-05-09 19:48:25,90
2484,2016-05-09 19:48:40,90
2485,2016-05-09 19:48:55,90
2486,2016-05-09 19:49:00,89
2487,2016-05-09 19:49:15,89
2488,2016-05-09 19:49:30,89
2489,2016-05-09 19:49:45,89
